,x,y,class
0,0.7628905587381477,1.612653409254466,0
1,-0.33454762744255157,-0.0003865218196989102,1
2,-0.3339757815031201,-0.00789061359940401,1
3,0.9817296889484816,0.3554802915154104,0
4,0.243228455827731,1.115804153797496,0
5,-0.3369846674414591,-0.01669134010679885,1
6,-0.0692138021666822,1.8342454496089124,0
7,-0.33891617311287037,-0.02537877926431478,1
8,-0.3394005321667774,-0.03394816879159914,1
9,-0.3431444643208302,-0.04331238394612818,1
10,-0.5205423457909109,-0.5425215263445482,0
11,-0.9558246665949302,0.8182826743897352,0
12,2.1279412646354285,-0.8461900068905291,0
13,-0.35542304874157277,-0.053937495175386374,1
14,0.3129046018547467,-0.8062218685904419,0
15,-0.45899062600812074,-0.6120529596134892,0
16,-1.1753438832988878,-1.742644750264419,0
17,0.21813520594259264,0.3889119144653223,0
18,-0.35221675939310204,-0.06227129000338396,1
19,1.7927753083432583,-2.2854259801948333,0
20,-0.3445797888924328,-0.07056606930835062,1
21,-0.7612480023169698,-1.9818757978301182,0
22,-0.6553350006429963,-0.2769445793576459,0
23,-0.3504764562351127,-0.08027982045338261,1
24,2.5904650983739486,-1.4146185842822456,0
25,1.192416344448216,-1.8812502434661478,0
26,-0.516741023206408,1.0975067555709028,0
27,-0.35118689971102335,-0.08961651075821336,1
28,1.5790357727806046,-0.4455371758513619,0
29,-0.35263113577046784,-0.09902105671158437,1
30,0.6966789841858803,0.8426645391619709,0
31,-0.3449684766751166,-0.10859259961764514,1
32,0.33286488509444695,-0.0001491117056029091,0
33,-0.353399872879233,-0.11788310444265178,1
34,-0.3418457707160619,-0.12819497377610242,1
35,-1.878868712384056,0.584690948457395,0
36,-0.33781749185440507,-0.13836700339525246,1
37,0.2461100886769287,-2.161126793391017,0
38,-0.4455079155219029,0.3849606072804228,0
39,0.5920607118152912,0.9355735703090299,0
40,-0.8528086357087314,-1.9475948248631685,0
41,-0.3483208040903732,-0.14686087585080024,1
42,-0.343148303502992,-0.15713981599582463,1
43,-0.24249151834846855,-2.145031906367848,0
44,-0.3446806718686347,-0.1663743217008374,1
45,-0.33957557681817496,-0.17678856899173917,1
46,0.9189590880736941,0.5091847709936328,0
47,-0.33667628044732145,-0.18679543211107355,1
48,-0.0350856499183138,-2.8417925888652524,0
49,-1.1746447436173937,0.5323592385809206,0
50,-0.9056310795369689,2.3694967622978567,0
51,-0.3461591085409279,-0.1934508782811443,1
52,0.9600318369000924,-0.19510455605032773,0
53,-0.3354884916471414,-0.20530480175881446,1
54,-0.3304369295540503,-0.2156787045798343,1
55,-1.2983469434205455,-1.6442569350731764,0
56,-0.24294856590213817,-1.455352189941256,0
57,2.3292247387787453,0.17652951907635925,0
58,-1.5677650868282658,1.1334015079913204,0
59,1.4622883135126796,0.909292229456203,0
60,-0.9147474378465126,0.8567348452145283,0
61,-0.33035393150232883,-0.22427729790406564,1
62,-0.3196366037788069,-0.23664957107692036,1
63,1.523025850981024,0.7902234663088235,0
64,-0.6661539639318173,-0.1904045645602109,0
65,-0.32487935307318977,-0.24263465745885476,1
66,-0.31375883343809047,-0.25522365355491644,1
67,-0.30800400365206926,-0.26548036886889737,1
68,0.20247927394894244,-0.8394181892880579,0
69,0.19530776273741834,0.4072989643090497,0
70,-0.3095492257763336,-0.2718508318011939,1
71,-0.3015215350552475,-0.2828281990600916,1
72,-0.295532953829556,-0.29257497334274685,1
73,-0.28836970230598974,-0.3028370205045448,1
74,-0.2791843206105631,-0.31426844966490514,1
75,-0.28169847999288156,-0.3174952933477137,1
76,-0.2690388079812673,-0.3309143470928037,1
77,-0.26124949549659515,-0.3407145196688466,1
78,-0.25688150174617386,-0.3474412995801883,1
79,2.9865598735275865,-0.22503716884739156,0
80,1.0323603095879124,-1.1918882212837845,0
81,-2.5923529296610215,-0.7361862283159315,0
82,0.21619871174609095,1.1217274575763658,0
83,-0.6496621004991144,-1.29799414083498,0
84,0.9941154788885901,-0.07381642696640989,0
85,-0.5961528988142715,-2.745717343546826,0
86,-2.665364860166545,-0.20153499610276332,0
87,2.2821824001434696,-1.8354112652078947,0
88,2.5454442613698207,-1.481368192478032,0
89,1.5546964580417255,-0.520049895910756,0
90,0.04164949877385759,0.493461472990024,0
91,-0.24849098239952733,-0.3570615469163671,1
92,-0.4131336604493738,0.4137717020918156,0
93,-0.24737680762114528,-0.3597289336562594,1
94,1.8064956221160429,1.5987698842725142,0
95,-0.23226077652037777,-0.37489211101095904,1
96,-0.2263450140372081,-0.3810059823964266,1
97,0.957943874363133,-0.17415841047393232,0
98,-0.22319209649328853,-0.3834740901564318,1
99,-0.21346425957577192,-0.392330384627632,1
100,-0.20513901334318937,-0.39915414339145744,1
101,-0.18862503087910001,-0.41573863047548437,1
102,-0.18019953403169706,-0.422052963395405,1
103,0.04393548233865983,1.1609569070507881,0
104,-0.1721134287270037,-0.4272328715172782,1
105,-0.1631973479577732,-0.43286821371159273,1
106,-0.15553318714695513,-0.43580117863042017,1
107,-0.14536054309906732,-0.4418935585138425,1
108,-0.20823693457021775,1.8339158292488233,0
109,-0.16291496049314685,1.1672166574914162,0
110,-0.13696109711203133,-0.4441777811336601,1
111,0.318662486502702,0.22844243349581808,0
112,-0.12616502578172606,-0.4498767606694955,1
113,-0.11068051132706215,-0.4643961505782342,1
114,-0.09921583182449048,-0.4707780689190521,1
115,-0.09016986178337051,-0.47097029088661985,1
116,0.6368141464581318,1.6830793843717944,0
117,-1.303596723458916,0.19761170782543888,0
118,0.4172983804897508,-0.7796596330690939,0
119,-1.2511601814189226,0.35717153589513306,0
120,-0.3695548703670927,1.1467725924669,0
121,-0.07485116823208157,-0.4853814292843289,1
122,1.5111945932353104,0.8267530588969345,0
123,-0.06502329725522996,-0.4857205687240141,1
124,0.8365315724786445,-2.0482549605788085,0
125,1.4534536427052438,1.9502089352835883,0
126,-0.031002045005677145,0.5000524345946226,0
127,-0.0558916304610956,-0.48247294091672366,1
128,-2.6515978834081024,0.2652870824230252,0
129,-0.04404819028971155,-0.485732585784194,1
130,-2.6649169974710913,0.13308934157369817,0
131,-1.859849331946956,0.6313672603468756,0
132,0.3179873116138629,0.25332232956939005,0
133,-0.031060265019896376,-0.49206315963018354,1
134,-0.01866445318812615,-0.4957653536396702,1
135,-0.005514526885221868,-0.501954376855218,1
136,-0.4877433334124394,0.35025271632831717,0
137,0.005841968800433912,-0.49898797052893323,1
138,0.019398018712967702,-0.5059876535966396,1
139,0.03275390013903418,-0.5121680625313781,1
140,0.04523168959162149,-0.5114853834521526,1
141,0.05843665008518847,-0.5158787202424265,1
142,1.6582204739800355,0.16873787459365266,0
143,0.07105736866887974,-0.5119255482691437,1
144,0.08401642611562515,-0.507333680378862,1
145,0.3497779478188207,0.09899777145990968,0
146,-2.5061138182523957,-1.0000722434182334,0
147,-0.38441236175497484,-1.4197421527484098,0
148,-0.8443110235721599,2.390508532847504,0
149,-0.5106672149283845,0.32730828013346186,0
150,0.09746508409745451,-0.512885308016238,1
151,2.26160534345093,-0.46269225050736756,0
152,-0.052398224055471905,-0.8224869991422651,0
153,0.11079498744774659,-0.5118390443382093,1
154,0.02744934224735409,-2.173500370461651,0
155,-0.5706412377520507,1.082227372312384,0
156,0.12415547062347741,-0.5125915211706649,1
157,-1.7358241207038279,0.893196719387072,0
158,0.13795281901964584,-0.5062422494577048,1
159,0.15136887119462697,-0.5073650998366513,1
160,0.9396544325731843,-0.24322462467228492,0
161,2.114701975566132,-0.8932555770486525,0
162,0.16523109736229163,-0.5036634769804743,1
163,2.305924720627769,0.4704560872563412,0
164,0.17901394751076996,-0.5011446507204337,1
165,0.19195931460428303,-0.5034543556896177,1
166,0.2065983926530464,-0.49568183137640687,1
167,-0.5051174980122211,-2.084990633927365,0
168,0.2167812031990055,-0.5085201184150616,1
169,-1.3402125708620278,-0.033824869399012324,0
170,0.2321561153526096,-0.4970199453443055,1
171,-1.923260973130955,-0.654074982247454,0
172,0.2460435308988525,-0.4919709424830218,1
173,0.26136417969026127,-0.4820638622344342,1
174,0.2740926325477409,-0.48031724666568015,1
175,0.28531561883516926,-0.48173354650528066,1
176,0.30270320231188425,-0.4661794419633088,1
177,0.33706877896744614,0.03347877369369325,0
178,0.3134576773683564,-0.4670626702554772,1
179,2.089664800691906,1.1506669309253736,0
180,-0.5038126346748006,-0.5655216939851424,0
181,0.32524597820335394,-0.4642824621472941,1
182,0.3368753439681467,-0.46086263089535096,1
183,0.3526400164812974,-0.44861664014862146,1
184,0.36834016812703285,-0.4365830964761983,1
185,-0.4714077811158167,2.480742083738193,0
186,0.3763017434778979,-0.4376470581100122,1
187,1.1621306401921994,-2.6263122852711955,0
188,0.3938762821200055,-0.4218564709410003,1
189,2.0177715624115566,-1.0545848512099538,0
190,0.40364645756995315,-0.4181330386171069,1
191,-1.7286328535498716,-1.1250169399663084,0
192,1.6403436720695517,-1.5448504321143568,0
193,0.4120123982051986,-0.4153693119648898,1
194,0.4277059416090344,-0.4015411432840098,1
195,-0.5570592746115858,0.2631812404336943,0
196,0.4371576025089918,-0.39563552175611605,1
197,0.4519645402519089,-0.38233148768340286,1
198,0.46316370733780926,-0.3729932311392712,1
199,0.473131785654683,-0.36438727702133483,1
200,0.8477536274435079,0.6508771387750586,0
201,0.8258428016085179,-0.4586891426971036,0
202,0.8756935598754981,2.3032969802918926,0
203,0.4839274421083818,-0.35420811462106583,1
204,0.4921501648139209,-0.3459739234263964,1
205,0.5027769645143466,-0.33468199876818444,1
206,0.5169727867154992,-0.3196893152520413,1
207,-0.28769249990849766,0.47526682649037416,0
208,-2.388532188669346,1.0847815263375158,0
209,0.5361933123796803,-0.3002845926781111,1
210,0.990125781754255,0.2559621717236864,0
211,2.751791843659713,-1.0898004633160507,0
212,0.5345878603092137,-0.2977760610135688,1
213,0.5437834806734139,-0.2856064486398723,1
214,1.2426591243074232,1.2309651560622141,0
215,0.5544038504987165,-0.2718837733776906,1
216,0.5648501004105829,-0.2578924114339508,1
217,-1.2835019836719193,0.2626180494738835,0
218,0.5733761499363144,-0.24476170356329027,1
219,-1.6391843878346135,-1.2606544663527175,0
220,0.5848463874008323,-0.22936670876318985,1
221,0.2085222994938868,-1.5029098493449196,0
222,0.5915273923386543,-0.2164664638056377,1
223,-0.2723890389867413,0.4853530164761466,0
224,0.15901883421866908,1.825252272803108,0
225,1.3024414692567776,1.160325112147502,0
226,0.6002339374838926,-0.20194020699101176,1
227,0.5991963400585892,-0.19196527408285688,1
228,0.6142314873328114,-0.17344197434989567,1
229,0.6165699622189547,-0.16062817810005467,1
230,0.6217572681737661,-0.14599601450471808,1
231,0.27220609216948255,0.3285762375511998,0
232,0.7459673184568928,-2.7639562039646126,0
233,0.9393150827156969,-1.2540690908812953,0
234,-1.7909363415581725,1.8589224835788503,0
235,2.457772012970498,-1.6080990350571167,0
236,-2.1841812505695337,1.4220145653184082,0
237,-0.029999559820856853,-0.8363025101497663,0
238,2.224771906921407,-1.8979916535506896,0
239,-2.5332794862797865,-0.9335490446714246,0
240,0.6322607676969203,-0.12890707634689988,1
241,0.6361478844655427,-0.11406560179502041,1
242,-0.15091356758242372,-0.8034498666203271,0
243,0.35620773836705444,-0.7939840600683341,0
244,0.6426363298431909,-0.09795558679772672,1
245,0.6407468116704987,-0.08407600887177197,1
246,-1.8359017998133924,1.8185488905053289,0
247,-0.3242180522898665,0.46652245651087626,0
248,0.6555607091242789,-0.0650703237833549,1
249,2.190540320654936,0.9283836962516184,0
250,0.6623819445750755,-0.048277013439962636,1
251,0.6560191765686838,-0.03417982703659414,1
252,0.6684572232949418,-0.015819838676811096,1
253,0.6725740330544892,0.00094018656127679,1
254,0.6651988650785449,0.016299215219384388,1
255,0.6665430055296107,0.03327231728556885,1
256,-0.3154076483226258,0.462504482929462,0
257,-0.9958509243139234,-1.8649698138304551,0
258,0.6674474705665984,0.05039222697614788,1
259,-0.05624348886024463,-1.4962316482342726,0
260,0.6732017968644792,0.06793925591908509,1
261,0.6739273497061616,0.08520589719909716,1
262,0.679113060135378,0.10256823741973864,1
263,0.6737716308865198,0.11997109198710822,1
264,0.6810579057466377,0.13706783569598804,1
265,-1.2008968574631438,2.252312824473698,0
266,0.6717917318072061,0.15499103622741722,1
267,0.678025714623905,0.17177880246137175,1
268,0.09460519529548178,-1.5038023084443237,0
269,0.6608376133986086,0.19107355073730037,1
270,0.5183576400541903,-2.1300666511966213,0
271,0.6738277622830622,0.2065150690688073,1
272,0.6705878763636126,0.22395427374312765,1
273,2.2995722386004815,-0.23478043342972948,0
274,0.6636941395141587,0.24204918140335782,1
275,0.6622520294728383,0.2589326839452891,1
276,0.6544617604163884,0.2771709460106248,1
277,0.6527039901614033,0.2936848995372522,1
278,0.6443737808499593,0.31188871886140257,1
279,-1.2711518080159054,0.32304384867141545,0
280,0.17847587719728272,-2.828480822513721,0
281,0.6390838146812494,0.32898748045814197,1
282,0.634864324894549,0.34540218524627975,1
283,-0.5101576287989484,-0.5561588138056764,0
284,0.36071309163024545,-1.4822185262354917,0
285,0.6259773874527644,0.363289335731286,1
286,0.6223896776475495,0.378709047950997,1
287,0.6162150018743658,0.39477034672751615,1
288,0.6023315191944388,0.41418617612310327,1
289,0.6053051209865352,0.4247107233696142,1
290,0.5755412876643293,0.45238219213788694,1
291,0.5678992357812492,0.46788613651585514,1
292,1.7590425129947485,1.652213795770561,0
293,0.5651558144930878,0.47972708007973613,1
294,2.239959032252821,0.7607967690155027,0
295,-1.0947436653210572,-0.8816026196037182,0
296,0.5527664789977959,0.4969860632434236,1
297,-0.7834990258981559,2.406994009044198,0
298,0.5504584813850761,0.5067958741529156,1
299,0.5280771097077704,0.5303041855565621,1
300,0.5210027590630926,0.5421611791455536,1
301,-0.7309738304451988,-2.710702985625967,0
302,1.5909093884226129,1.8289939121981238,0
303,-2.3593541463592826,1.1424521503948382,0
304,2.1560010572350605,-0.7910192190593495,0
305,2.8817215447363096,-0.7389063900774043,0
306,0.5105029989462331,0.555873941621464,1
307,2.7005194496346765,-1.2186189827210943,0
308,1.2908958229674188,-0.9433980010252792,0
309,1.5206970747264936,-1.6507372550919068,0
310,1.9674269302546519,-1.1469273945842866,0
311,-0.6831987139661188,1.023591120773947,0
312,0.49719359036821087,0.5712724397488188,1
313,0.4920874958977753,0.5785961641797406,1
314,0.4642850686688388,-2.1387809226492007,0
315,0.547566107494891,-1.4403563750775314,0
316,0.10217302226235667,1.1501018691488691,0
317,0.05283363402062334,0.4914832616920752,0
318,0.47108038701903104,0.5998113200442555,1
319,1.0640411159283945,-1.1668950448232047,0
320,0.4604875600162777,0.610535665227966,1
321,0.4433428904898065,0.6271970762061003,1
322,-0.5890594565406745,-0.4332642147117531,0
323,-0.4565225860700944,1.1247188207394674,0
324,1.7092045899580681,1.7065245216264946,0
325,0.42562343409003217,0.6440910011407672,1
326,1.6768868801139234,0.12606267704499405,0
327,0.41189776165855324,0.655874368434508,1
328,0.4048768101283913,0.658372800484352,1
329,0.38687561521638253,0.6733724548998289,1
330,0.36914397000371946,0.6874686694146027,1
331,-0.8772138897256907,-1.1303430869172404,0
332,1.474275005533468,-0.6725441467050638,0
333,0.35191264265847194,0.7002153104676364,1
334,0.33673641484742056,0.709028345794402,1
335,0.3208394029687476,0.717826567240364,1
336,0.3016510016321676,0.7311582623831682,1
337,0.28395900413701874,0.7411340680629086,1
338,1.456732874467867,-0.7070345083977526,0
339,0.2690960819244727,0.7445675438510352,1
340,1.932588758250451,1.416668885032445,0
341,-2.002015230273751,0.04977684857538861,0
342,0.24431651281191638,0.7669040995511242,1
343,0.23044316587922092,0.7656435750309176,1
344,0.21123992192727575,0.7746334501366889,1
345,-2.2868197853834618,1.2609524408139927,0
346,0.19074926254224417,0.7859617615637402,1
347,0.170168564103337,0.7969833682431442,1
348,-1.334129719023114,0.06570383712672571,0
349,-1.5148208587743004,-1.4250731356718433,0
350,0.15413660591254302,0.7936656710663569,1
351,-1.547724438724792,-1.3850131523036693,0
352,0.13212763887671128,0.8070748351673184,1
353,0.11495618053343032,0.8029943794472205,1
354,0.09004621121210642,0.8268275649190718,1
355,1.6030158996489217,-0.3677459917794825,0
356,0.07283574324756018,0.8187801162197059,1
357,0.05129433712745232,0.8282118857206049,1
358,0.03210730902501278,0.8236401824109958,1
359,0.011257460181576992,0.8262151277244323,1
360,0.6818814244437459,-2.0848211340462584,0
361,-0.5535625476644905,0.27248723671231206,0
362,-0.009898524763532621,0.8294427196435171,1
363,-0.03190119185789089,0.8405988875114974,1
364,-0.05275930756889516,0.8385852408390907,1
365,-0.07405638361261184,0.840135220136595,1
366,-0.2042364067277902,-1.4731784229961378,0
367,0.3335552898634426,0.16841042149977775,0
368,2.649122776379087,-1.2935114231930147,0
369,-0.09534837140390773,0.8354376665399111,1
370,-1.7434244377296144,1.8994674789734052,0
371,-0.11684786998969744,0.8397874530451201,1
372,-0.1385454889511563,0.8343662344610006,1
373,1.5671965355537727,0.7059318029574446,0
374,-0.1599503527154278,0.8374226807914315,1
375,-0.1810495731061952,0.8412737889587786,1
376,-0.20411234635394016,0.8253808064416872,1
377,-0.22468434801826445,0.8314249688114792,1
378,-0.3650349315825033,0.44251771865000306,0
379,-1.6897004320140772,-1.1770429089098011,0
380,0.735607012519006,0.8016548375295933,0
381,-0.24600736280175883,0.8296431204470326,1
382,-0.2660824920627424,0.8331438289564604,1
383,-1.0273566883763108,0.7422830790979894,0
384,-0.28753792431338443,0.8278741582013769,1
385,-0.3099076807381784,0.8182934928592626,1
386,-0.32960756414187825,0.8184716161037053,1
387,-0.2607903617260997,0.48391762206522904,0
388,0.3383642447081923,1.7868493329832058,0
389,-0.3522827368229884,0.8069318179481398,1
390,0.17572860210202215,0.4221354935841099,0
391,-0.769198516124478,-1.219051480397933,0
392,-0.3747303770966421,0.7961131431942503,1
393,-1.228446077179934,-0.6363700550152751,0
394,-1.0163206895708043,1.5953331901170271,0
395,-0.396562815267113,0.7867682646997584,1
396,-0.41966447820532155,0.773573948892543,1
397,-0.44154777995354244,0.7631497068166015,1
398,-0.45726293017966785,0.7658457004896198,1
399,0.9992184780024123,0.1271350378622482,0
400,-0.4772329155951101,0.7572661772630831,1
401,-0.49726617183584265,0.7475269531211285,1
402,-0.5156232196713606,0.7399074723681159,1
403,2.944866830214897,-0.44926668521657936,0
404,-0.5406687562112193,0.7194364705279725,1
405,-0.5589485874991975,0.7101454111163764,1
406,-0.8282850634466358,-1.1715861027583088,0
407,-0.576572306026418,0.7006969937487199,1
408,-0.5988054063992865,0.6833085098950802,1
409,-0.615774144089103,0.6727910587250291,1
410,-1.6259512312444162,1.0576166499397408,0
411,-1.708736096070674,-2.170139591405564,0
412,0.28921660347193356,-0.8202904699372181,0
413,-0.6289463774753463,0.6660815395744054,1
414,0.34722479364339714,0.06168536583756625,0
415,-0.6535538541535731,0.6435199957628099,1
416,-0.6687071175265799,0.6320820513987901,1
417,-0.6862684103992638,0.6167382496912077,1
418,1.3171639735836367,-0.9112665746823002,0
419,-0.7067536176131264,0.5974189946094558,1
420,1.8400535357941126,1.55493703985204,0
421,-0.09737322657023682,0.5057015780090537,0
422,0.1807836986159012,-0.8442099689358389,0
423,-0.7245129599491408,0.5803679174412751,1
424,-0.7379162102401803,0.5667675802644022,1
425,-0.7526567593436948,0.5508212597496598,1
426,-0.5603714542697815,-2.0568602849346007,0
427,-0.6809802263474133,-1.2785063932352971,0
428,1.5061615439768938,-0.6017863426820429,0
429,-0.7778428063142926,0.5248586838833866,1
430,-2.062554984504504,1.5787501444460053,0
431,2.499814111584956,-1.546881101033941,0
432,0.5784292864367467,-0.697829314367919,0
433,-0.7792026099076933,0.518631214729983,1
434,-0.808906807599312,0.48821669770627,1
435,-0.8156291200677126,0.47535674548208195,1
436,-0.8240140735169129,0.4599789330894526,1
437,2.975252040540297,-0.2998761496856575,0
438,-0.48449643936374553,1.8017387227586708,0
439,0.09006328029911209,0.4712181905213639,0
440,-0.8415437233751752,0.4373589196377146,1
441,-0.11082319732526245,0.5097254673315594,0
442,-2.6649244819894813,6.93193257905423e-05,0
443,-0.855169276993045,0.4168066411909146,1
444,-0.8725331885634573,0.3933917302742648,1
445,-0.8802228426592267,0.37509467178867106,1
446,-0.892780834857111,0.353296076689806,1
447,-0.8991173770175509,0.3340499666723122,1
448,-0.9150410065243438,0.309456094829945,1
449,-1.2220074955999454,-0.6649153850254076,0
450,-0.9220996679288452,0.28849846076731683,1
451,-0.9417870998491735,0.2617089803334545,1
452,-0.9440337793995582,0.24157668149479664,1
453,-0.9411977714930583,0.22234297114904295,1
454,-0.9468682807713221,0.19930751212893763,1
455,-0.2826206881750034,1.1534609792541834,0
456,-0.8624903955665251,0.9028751760394786,0
457,0.5278174468395053,0.9787205557320792,0
458,-0.9702466314884846,0.1705722654506028,1
459,1.3575131819986435,-2.546986307128671,0
460,0.20662137652408427,1.803498616185947,0
461,-0.6626092107587354,0.000645764164124767,0
462,-0.13781344282853986,0.5083644270449741,0
463,-0.551319958747989,-1.3547012341150235,0
464,-2.4086799809087105,-1.25102764062011,0
465,-0.9820509907414273,0.14538753891309353,1
466,-0.9822409586499945,0.12286682530333252,1
467,0.8760357926823604,1.5483255352929621,0
468,-1.042024743302741,0.7227684389857986,0
469,-0.7907979130704248,0.9548702575718753,0
470,-0.5917733469334091,-1.3228918459487835,0
471,-0.988809539165208,0.09835044667387773,1
472,-0.9908540926578069,0.07441647956122562,1
473,-0.9921727486593321,0.050171676944204095,1
474,0.6806144055274591,1.657633948496027,0
475,-0.9933625959957334,0.025545196295816162,1
476,-1.0017653874617054,-0.00018731342733500689,1
477,-0.99863309776926,-0.024898012467488483,1
478,-1.0127924573937475,-0.05099186122039299,1
479,-1.0091194304433913,-0.07604686765588799,1
480,-1.002390319859077,-0.10141932564074765,1
481,-0.2207940565873417,2.4920638316623953,0
482,-1.0048001652283822,-0.12701592519584373,1
483,-1.0036423872561082,-0.1526679184773947,1
484,-0.9901076162979396,-0.17921775804875847,1
485,0.20559605218030816,0.40125376614475816,0
486,-1.0061568109214103,-0.20344221108509752,1
487,-0.9979371696453254,-0.229650583688155,1
488,-0.9930782947971575,-0.2555209378479939,1
489,-0.9957985286788223,-0.27998418691705107,1
490,0.9400797022176186,0.4801167009432864,0
491,-0.9858185002124429,-0.3064665315052155,1
492,-2.439382675442469,-1.187589716378896,0
493,-0.9727937973122196,-0.33369969988837583,1
494,1.7312924929166194,-2.3305791212274296,0
495,-0.9824296271817569,-0.3553016214787694,1
496,0.21883369170662295,2.4808414399087635,0
497,1.0043206079319336,0.10142718069149756,0
498,-0.9629486128741541,-0.3839848617253509,1
499,0.8741687966846938,-0.392415863687949,0
500,-0.1149470986798093,-0.8030275665180474,0
501,0.539770068841213,-0.7209926572190398,0
502,-1.3038759531555013,-0.37336186920947934,0
503,-0.9581676828527285,-0.40848392147713986,1
504,-0.9515469113968594,-0.43309878791124434,1
505,1.2927863717907209,-2.5761056432676344,0
506,-0.9503474780289471,-0.4552476449347499,1
507,-1.440901279771398,1.2738327164285048,0
508,-0.9293407234524179,-0.4843671415908134,1
509,-0.9186347735939725,-0.509322754704806,1
510,-0.9150986840109667,-0.5305519531920592,1
511,0.24368108367647787,0.363118138152823,0
512,-1.9088442925718854,-1.9823765812014964,0
513,-1.3373319211261638,-0.13488358338154716,0
514,-0.4012754577903246,-2.1126427642897543,0
515,0.8031860355725967,0.717838948063486,0
516,-0.8983789391304636,-0.5572216107375864,1
517,0.9923921194826065,2.242041012219522,0
518,-0.882256661196438,-0.5833498799985536,1
519,0.2711418682540296,1.1054175205247327,0
520,-1.6125617085584787,-1.3008754019629625,0
521,-1.3330653219173279,2.1327670831642976e-05,0
522,-1.7927458424185285,-0.9923992816440277,0
523,1.2457320441944368,-0.9969516896947594,0
524,-0.8666682205433227,-0.6088497655303747,1
525,-0.8678126092991314,-0.6241281048338359,1
526,-0.8489278752669387,-0.6501498275406709,1
527,0.014014116378394928,1.1713097278984137,0
528,0.007390758260421285,0.4936504539924078,0
529,-1.8466726191369278,0.6745924268448479,0
530,-0.8349769309486561,-0.6725803084461205,1
531,-0.9947683194586234,-2.614155099931574,0
532,0.44813435796617146,1.0350299356002854,0
533,-0.8148923160542673,-0.6984688906377379,1
534,-0.8004138053017956,-0.719863106923457,1
535,-0.7853112672271341,-0.7408311128355267,1
536,-0.7698739752911916,-0.7611266003120414,1
537,-0.7483820510294432,-0.7855866817532341,1
538,-0.42710750717157747,-0.6424240870333956,0
539,-1.2716006672780558,-0.5071941728517304,0
540,1.65533777134739,-0.12474810559082244,0
541,-1.218261180622752,1.465172307872207,0
542,-1.252060113477986,-2.4816192398835315,0
543,-0.7395898359140147,-0.7980749697915849,1
544,-0.7178840921085335,-0.8209648152266893,1
545,-0.7024092707165996,-0.8369627753464843,1
546,-0.6783075601672461,-0.8605856276951185,1
547,-0.6586636393495064,-0.878710472396633,1
548,1.3497079355535633,-0.8732433975571916,0
549,-1.2566274245327498,2.2271779030047356,0
550,-2.001419792249313,-7.532231821268664e-05,0
551,-0.4706257959161378,-0.6002490849768909,0
552,-0.6374224512718462,-0.8975287127436453,1
553,-0.6152132417397498,-0.9164621500034333,1
554,0.8155100159356515,-0.4754453710449868,0
555,-0.5917724500383955,-0.9359441713219486,1
556,-0.5688788980831843,-0.9537304346276638,1
557,-1.0602756138670253,-2.582963966958024,0
558,-0.550543355265233,-0.9638833942129271,1
559,-0.6709454003112361,-0.17248542726334973,0
560,1.3817198298765152,-1.7600856950794106,0
561,1.4287724834058826,-0.7465781150403064,0
562,-0.5222242869468544,-0.987165290691467,1
563,0.3426085399539783,2.4607862200514306,0
564,-0.48189427519788586,-0.587920939951699,0
565,1.6465518716302199,0.3793400488369497,0
566,-2.004647062759691,-1.8781258303343118,0
567,1.4042510201959155,1.0175825032875911,0
568,-1.8630924150342354,-0.8468967929309174,0
569,-0.4992931866440915,-1.00143309413262,1
570,-0.6180423069724238,-1.3163599906837735,0
571,0.24660298760234486,-1.4989626301128915,0
572,2.0671160238612885,1.2017934639944816,0
573,-1.1270341719993435,-0.8263469855762986,0
574,-0.17924966524376587,0.49951750099806624,0
575,-0.4738323307299785,-1.0185450531711657,1
576,-0.4529810648284649,-1.0263431808759473,1
577,-0.4214542286958645,-1.0523004815775285,1
578,0.3420989235459743,0.07034311901019437,0
579,-0.3999989513006341,-1.0580462214981678,1
580,2.2830417713135778,0.5874974323950245,0
581,1.6705353328874448,-2.3718849029392657,0
582,-0.37444817005888875,-1.0702327439243244,1
583,-0.3501869751379012,-1.0779388428548524,1
584,2.3310342441842855,0.05861824422603601,0
585,-0.00596244821256337,0.4995947757233741,0
586,1.0184130181009095,1.4467005283204832,0
587,-0.32145986317215514,-1.094658124257548,1
588,1.094987042113963,-1.9320264998650443,0
589,-0.2988690752046017,-1.0942647010410453,1
590,-0.27126250517330674,-1.1050669905626576,1
591,-1.2114123988681567,-1.7182763383621287,0
592,-0.2424426225621921,-1.1182906125571457,1
593,-0.59674661994229,2.4561629334793946,0
594,-0.2139541611531151,-1.1295106987892276,1
595,-0.1867397862095916,-1.134737721288005,1
596,-0.15930649383163017,-1.138569097279883,1
597,-0.12798800329178442,-1.1584799099526417,1
598,-0.10222650457075458,-1.149806936691453,1
599,-0.07208563029815952,-1.162549933548476,1
600,-0.043628840416304604,-1.1633262434232896,1
601,-0.6664878887868253,-0.22468585358604137,0
602,-0.7389754630079548,-1.241651893547107,0
603,-0.015102596494908607,-1.160816883519474,1
604,0.01416521859801105,-1.1613603314522647,1
605,-0.3468682675667821,1.8236235613146248,0
606,-2.6676007235042403,-0.0670676164240864,0
607,0.11540713593643627,1.8172176065288455,0
608,0.12977770536934033,1.1498606567515022,0
609,0.3290930306645177,0.2072034207125998,0
610,-0.7141905621438325,-1.254655912319276,0
611,0.3458664470050925,0.15671771334477175,0
612,0.04377214129878043,-1.1631887875518168,1
613,-2.0139099430027043,-0.15099360297664324,0
614,-0.031635690336820975,2.5079677718745272,0
615,0.07371989756764027,-1.1726879944336603,1
616,0.10330633945472872,-1.168145197282501,1
617,0.13314655986534812,-1.16571284473901,1
618,0.3170450996627741,0.24590826646252642,0
619,-1.3700980854591878,-2.416375514272085,0
620,-0.627411738073746,1.054249766934608,0
621,0.162578860545934,-1.174119185167656,1
622,0.19276491867104112,-1.1655039938012972,1
623,0.22266615636249493,-1.1625667193205356,1
624,0.2526101220464987,-1.1586024608919436,1
625,2.9611934773024147,-0.37464114872754634,0
626,0.28377519387039507,-1.1458211658258664,1
627,-1.0707103602135204,-0.9130962155826641,0
628,0.3114126109621675,-1.1544724856585604,1
629,0.3408399861240398,-1.1497503454616602,1
630,2.3769386330890936,-1.721176212167257,0
631,-0.4581237484288507,-2.7778329015318968,0
632,0.3702082792311735,-1.1439303938273644,1
633,0.40158393647826557,-1.1289889694325002,1
634,0.42946595109206626,-1.1266327888058127,1
635,0.4563273942180899,-1.1253454952614077,1
636,0.489652297316838,-1.1025526854369667,1
637,0.5145881519814574,-1.103357355531174,1
638,0.6755941769861223,-0.6239384201349567,0
639,0.4103456552459148,-2.1436406815446474,0
640,0.5451171333649102,-1.08720552062529,1
641,-2.537161376673704,0.7198738462851116,0
642,0.5744018903610182,-1.0734123879953075,1
643,0.4651371059331609,2.434240072078897,0
644,0.5985324905092209,-1.0699018489418461,1
645,-0.21006235309339116,-0.7774588277312485,0
646,0.6338492702896256,-1.041054178590605,1
647,1.5858227796895008,-0.4087188344545743,0
648,0.5227071192314059,2.4305731273021154,0
649,0.786299440243936,-2.059613375141117,0
650,1.6706620415821356,0.04202170014969964,0
651,0.6542274095996982,-1.041585481591212,1
652,0.6834612930234143,-1.0231155978905484,1
653,1.1605102269123977,-1.081983524229126,0
654,-0.9644195255176635,2.3529312105134217,0
655,-0.7220928258879508,2.422511901333119,0
656,0.7081586729081533,-0.5959195537781151,0
657,0.7130499481585172,-1.0032024382396072,1
658,0.7373234578320187,-0.9911028289040537,1
659,0.7635664738568273,-0.9743216743256826,1
660,0.7922680142616396,-0.9527478959842008,1
661,0.47623841626440966,1.0144784914324108,0
662,0.32070241248070863,0.23623737019458366,0
663,-1.081275653164494,0.6719761024376694,0
664,0.7631435937153052,2.343523020216624,0
665,0.8210945062459424,-0.9301987568786583,1
666,0.8420505659064729,-0.9171047454828338,1
667,0.2803212897516084,2.475069462864483,0
668,0.34333582883661623,0.1474978286357685,0
669,0.4362926927866508,-1.4670734782764432,0
670,1.4943798419310317,-0.6356295310728987,0
671,0.393363924433856,-2.811585993440971,0
672,-0.4403023692770376,1.8019694034690614,0
673,0.1592994924036227,1.1385989895584412,0
674,0.20553893432876022,0.3986756436993013,0
675,0.870978570476624,-0.892415745270699,1
676,0.3992289175374358,1.0596074472756978,0
677,1.5720333580505965,0.6693241070934358,0
678,0.8851305276124648,-0.8843560250425592,1
679,-0.636861686631281,-0.34465870218577305,0
680,-1.0690429285438212,0.6921288041588816,0
681,0.5984568354795048,1.694228560401413,0
682,0.91130502875822,-0.8605632576895986,1
683,0.9364976296600174,-0.8369384296728859,1
684,1.4296260949990645,-1.7235561015452385,0
685,0.9619163834519069,-0.8121614274112046,1
686,2.3147483176140637,0.3537704145657101,0
687,0.9794886757247856,-0.7940318441273966,1
688,-0.8916898847299174,0.8766789318940726,0
689,0.9527279513467796,1.49377219658529,0
690,1.0000009011633932,-0.7716952547704526,1
691,-0.09435803733441091,2.4983103972333676,0
692,2.246887842442155,0.705670403006694,0
693,1.4114109786423403,-0.7787388071843085,0
694,-1.9927369451480794,0.10015947550684255,0
695,-1.2149693125761696,0.4474116799833485,0
696,1.0263889329688363,-0.7431180767712416,1
697,0.6512000736239698,-0.6464514659607274,0
698,-0.4411404806553641,-0.6295468447202013,0
699,-0.4552348201242948,-2.0926949801843464,0
700,-0.022886297861986527,1.8308033229063618,0
701,0.08175657155956498,-2.164076184294673,0
702,1.0482766109774306,-0.7176443740688019,1
703,1.0644530049336018,-0.6957004523063252,1
704,-0.766140065168407,0.970397607669292,0
705,1.0783399591400837,-0.6741435159026139,1
706,0.7723893151513053,0.7590866064946283,0
707,0.8345259785511917,-1.319662467582324,0
708,0.19135619611711188,-2.1626967809030573,0
709,1.1076559852875965,-0.6403986227074355,1
710,-0.33813700226638665,-0.7068618362413874,0
711,0.7959508967552141,1.6014682006501395,0
712,-0.16813670606581393,-1.4773862911384665,0
713,1.113673011475932,-0.6219472352935543,1
714,0.37495753496683326,-0.7954272822398605,0
715,1.1348882217508016,-0.592180717927093,1
716,-1.2942476635067264,1.406446436398167,0
717,1.1568293929145346,-0.5613692579418051,1
718,1.1653479711598944,-0.5375527503057602,1
719,-0.3677514588955533,-0.6893984870730224,0
720,1.1911208081023132,-0.5033405746868076,1
721,-1.9710209238196872,0.2489917893612958,0
722,-1.326230309492444,0.09910324933575128,0
723,-1.2870758355709881,-0.47228220949815136,0
724,1.1955525552859834,-0.4795452773545303,1
725,1.2206323214021133,-0.44479016050817777,1
726,-0.23253737192566168,0.49551499603597227,0
727,0.9040543686963678,0.5544588228459486,0
728,1.3709627899655694,-0.842655186632301,0
729,-0.15045769539392767,0.5172753065852247,0
730,-1.9216454126828073,0.4875023528256749,0
731,1.6512746878792457,-0.16559539815139274,0
732,1.2365682985544488,-0.41394252518618013,1
733,-0.9296500894686945,-2.641284413201022,0
734,-0.33949228918336294,1.1563769229267815,0
735,1.2468251165679256,-0.3848469062241706,1
736,1.2495908265824036,-0.3577580366964466,1
737,1.2589775669685563,-0.3272458363970858,1
738,1.2671875190709792,-0.2964332883167064,1
739,-1.01349350100409,-0.9898889776376703,0
740,1.2861876625776856,-0.2618406572619758,1
741,1.2851431062122538,-0.23251763775504453,1
742,1.2955043882985233,-0.1995164381783297,1
743,1.3157350171151097,-0.16415689030147632,1
744,-1.337698132716037,-0.06728122217337708,0
745,2.077488572721459,-2.0480567986096654,0
746,1.3123246362658827,-0.13341400565312223,1
747,0.9802537146407728,0.30758958561889227,0
748,1.3216381386600826,-0.09982213524205484,1
749,1.3284539226890855,-0.06644583615653632,1
750,0.7172180300967756,1.6449163158113915,0
751,0.10693930890305636,-2.8362601065555113,0
752,1.3222866898188528,-0.03427623431728097,1
753,0.9927088657956724,-1.9828025057123444,0
754,1.2426287608782802,-1.8497410792688516,0
755,1.331561458124108,-0.000141001349045585,1
756,-1.8950328597440862,0.5381725540367861,0
757,1.0060128221304714,0.0006379802426643324,0
758,1.3307878753332132,0.03331431056527287,1
759,1.3438075677612538,0.06745740351363211,1
760,1.3496112094026762,0.10108115258172322,1
761,-1.5024965358442246,1.2087276566157896,0
762,0.24696283868913316,-0.8239692353233349,0
763,-1.3180599515737363,-0.3380803670623031,0
764,1.2738196581632428,-0.9661997297047152,0
765,1.3317718806657797,0.13500452476219585,1
766,1.3325793939664938,0.16894535007863215,1
767,-1.6435846165097292,1.9784719772928003,0
768,1.33713538649183,0.20247873849466277,1
769,0.06606824676870818,0.4828884055799093,0
770,-0.6086296822584899,-2.0478893330987566,0
771,1.0996362540957512,2.189073972761751,0
772,1.329394503504206,0.23680121525135095,1
773,1.319338831327505,0.2715333231960782,1
774,1.3239196003024656,0.3042367506079518,1
775,0.06918470608855055,1.8255650362286882,0
776,-2.5519855437339056,-0.8688804943595979,0
777,-1.335456667115853,1.3706305362532984,0
778,1.3123166975975604,0.3390867525592604,1
779,1.319597964743897,0.37019527382464146,1
780,1.3087616996672502,0.4044093183308393,1
781,0.9676124277112664,-1.2391596764169535,0
782,1.2898087810972827,0.4405331644196369,1
783,1.2911328194804172,0.4711392781452535,1
784,-0.5205143608490522,-1.3660559521881084,0
785,1.2739577668636504,0.5064653345028823,1
786,1.2637735693043972,0.5393613506025846,1
787,1.2538752485223559,0.5715992535690051,1
788,-0.6356431863812436,-0.3301685702828323,0
789,0.34202208360640163,0.04311815942866329,0
790,1.213402481233971,1.2637092898518487,0
791,1.2423021720902239,0.6038326697768005,1
792,1.7261994743357196,-1.4576628828200409,0
793,1.1909261117797723,-1.0530280174299287,0
794,-1.9959533121082218,-0.2524476036090172,0
795,0.22526312931612028,-0.8273569169864669,0
796,1.2323012877523936,0.6347355176538384,1
797,-1.894811981735516,-0.7516251442755119,0
798,1.2160426015789612,0.6676242490347386,1
799,1.3090507203932606,2.0578179226683533,0
800,0.3522522644742617,0.08965412181676383,0
801,1.045195422614907,-1.9556936090171246,0
802,1.1988660273753697,0.7003850969180252,1
803,-2.553024605127202,0.6577519585380842,0
804,1.1772364506333624,0.734839035766122,1
805,1.1749685775578735,0.758251587147626,1
806,1.1497255972705531,0.7932601899312021,1
807,0.6768832016047753,-2.7736023581510616,0
808,0.9981782720956737,0.20422296535309167,0
809,1.1342141323328667,0.8219184442653856,1
810,1.1169034812016574,0.8506366344681713,1
811,1.093786611106415,0.882261918937226,1
812,-1.2057389492875559,0.4745130676741938,0
813,-2.2128804013435834,1.3740502571473685,0
814,1.0766024720579226,0.9088136987228469,1
815,-1.7728248132932387,0.8131685353294845,0
816,1.052061201409358,0.9396840197801506,1
817,1.0382164347383582,0.9610843163363806,1
818,-0.5865760240283803,0.22831879807286404,0
819,-2.375395755198358,-1.314449388656928,0
820,-0.19261841833420237,1.1674804538572015,0
821,-0.6620143741515293,-2.735652716328578,0
822,2.000400765775642,1.3115053478847403,0
823,0.2905273094435827,0.3014961765905911,0
824,-1.1545075131267846,-0.790475069386628,0
825,0.5463145531263276,0.9699293794290508,0
826,1.0147426455688602,0.9888275726823954,1
827,0.9813790118852936,1.0242782404342181,1
828,-0.8417521517572799,1.688356919808988,0
829,0.9557194678097151,1.0521593634010002,1
830,2.347483651398817,0.11744671171230885,0
831,0.9286954192334683,1.0802709359056333,1
832,-1.4474848451191358,-1.5011591092839311,0
833,0.9054321735524281,1.103386681438686,1
834,-2.471236443995775,0.9049434911325385,0
835,0.8870153956231458,1.1196111127920043,1
836,-0.31834786321827546,-2.803688176123677,0
837,-1.9493125377503893,-0.5067711839908435,0
838,0.8602251701712779,1.1432064863033573,1
839,-1.9916557629466638,-0.3527985991471294,0
840,-0.01455427830781422,1.1663364376082352,0
841,2.8064369136851033,-0.952472864467628,0
842,2.3258858785106584,0.29429894047808985,0
843,0.8282179372292416,1.1716675052612466,1
844,-0.45640440734525645,0.3769491063144497,0
845,-0.07380982084344688,1.175974828926028,0
846,0.7947040193442418,1.201137773105811,1
847,0.7727179128275782,1.2143150443996293,1
848,0.7417790802735759,1.2376725515265057,1
849,-1.1401388723442012,0.5888884223787351,0
850,0.9393392189009225,-0.26270187782897875,0
851,0.7107521638190929,1.25980794787019,1
852,1.1484680293789753,2.166309892528183,0
853,2.331100602348312,-0.05848710650745806,0
854,0.9547210015302954,-2.7065532103395653,0
855,0.6788460785137287,1.2818860802550007,1
856,0.2850240821279275,-1.491363536309739,0
857,0.6525651341578285,1.2931287417245039,1
858,0.617870033131574,1.31666603245518,1
859,-1.241200764685546,0.38711258730812365,0
860,1.3920835127922642,-0.8107704277741207,0
861,1.9013175232111637,-1.242522844063888,0
862,0.8896989004321889,0.5794903746568228,0
863,-2.609048463042941,0.46303935219150255,0
864,0.584084771501591,1.3373959206920605,1
865,-0.19126115650281095,0.5075229799790973,0
866,-1.7500039747719542,-1.0822064811959637,0
867,-1.6921357547059985,1.9419887398432691,0
868,1.9421817883391783,-1.1901869157921565,0
869,2.021363674004094,-2.0999125487299732,0
870,0.5533587767942096,1.3506084855909364,1
871,0.5175434627564709,1.372417553721725,1
872,0.4858541691153728,1.38373030803402,1
873,0.4553608056753861,1.3896327767498722,1
874,0.4157353804662318,1.4164714934912368,1
875,0.3843332460241888,1.4199687967912422,1
876,-0.09162539551059766,-0.8204180535674553,0
877,-1.5968146298543788,1.0963350499906321,0
878,-2.3216387344913607,1.2032448370101219,0
879,0.3479667806370824,1.4352954405461564,1
880,-0.932428033766988,1.6385395611479907,0
881,1.1391753248280911,-1.91633796136686,0
882,1.9088599562223765,1.4598403185068398,0
883,0.3499981283633135,0.10849732637647944,0
884,-0.5778722411764095,-0.45107750941330776,0
885,0.3128118817316012,1.4450915482528817,1
886,0.2790344637745239,1.4473583052578785,1
887,0.23973087784466537,1.468803165923422,1
888,1.6278707575534384,-0.28713760752839,0
889,1.6047272580791223,-1.5778523641984759,0
890,-1.3192229644814322,-0.27154763503663504,0
891,0.2049697429195522,1.4697301012418038,1
892,0.16955259087209204,1.4697902469335689,1
893,0.13074041913110684,1.4862526789195103,1
894,0.09374366307104141,1.4905613094586097,1
895,0.057171618394409464,1.4877114648928027,1
896,-0.6674395272741196,1.7483198902100276,0
897,0.13638986437970965,-2.1743728374394413,0
898,0.01933337282142984,1.4925431929899626,1
899,-0.018696363441369667,1.4982959470706698,1
900,1.5848450238431169,0.6289087552304293,0
901,2.267754523267017,-0.407641339909567,0
902,-0.19171684773916958,-0.783462138696368,0
903,-0.05675433128392574,1.5050171845028262,1
904,2.03307222972059,1.257615156548656,0
905,-0.09461492121057664,1.5051034766472247,1
906,-0.13264418253710433,1.500829884968027,1
907,-0.17044210736241686,1.5069089351809142,1
908,-0.20900780832334237,1.495811777840322,1
909,0.9115688425502845,-0.3110746314856654,0
910,-0.2466192164987694,1.4987896562737546,1
911,-1.5284268755158918,1.1775691293288784,0
912,-0.2852852499943929,1.4891755763987102,1
913,-0.3224488600761665,1.4905855931479437,1
914,-0.36107810259949497,1.4800833201379369,1
915,-0.5432833337222699,-0.5118409479207136,0
916,2.989170891000707,-0.15061215012709736,0
917,0.313343860870178,0.26290556383190605,0
918,-0.24549035664680396,0.49393787029217956,0
919,-0.3978316209113134,1.4788289421295404,1
920,-2.488046969377725,0.8465364874663336,0
921,-0.43808787199419236,1.4590388130518268,1
922,-0.47679220131368,1.4464267695376638,1
923,-0.5108011851496101,1.4499117203410161,1
924,-0.5455057977641496,1.4471226857978883,1
925,2.3014500371584012,-0.2908174182063897,0
926,-0.5856257312887477,1.425071275578153,1
927,-0.6225553946995093,1.4118348937772804,1
928,-0.6603316413704323,1.3948612277988526,1
929,-0.2285887876247497,-0.769790995507923,0
930,0.739851336973486,-0.564902496250463,0
931,-2.6129938020566947,0.3996644661038132,0
932,0.3752873753507032,1.068416621665449,0
933,-1.3735569793551379,2.1582952707668723,0
934,-0.6939186930879961,1.386712255818183,1
935,-0.7336687440599547,1.362327429208733,1
936,-0.7670563764677237,1.3506982423494087,1
937,-0.621308941264699,0.15853673078063749,0
938,-0.801585618199675,1.3346096976432718,1
939,-0.8328551171791585,1.3227386559324659,1
940,-0.8676088847009783,1.302459526192153,1
941,-0.34219587498139775,0.4500207650115305,0
942,-1.9305510367901064,0.4417549023869768,0
943,2.202056927870327,-0.6819264168743703,0
944,-0.9082727799357097,1.2709973826202374,1
945,-0.9334611906319403,1.26313557973097,1
946,-0.9696504381077202,1.236171545998157,1
947,-1.0022881357810285,1.2130971355653826,1
948,-1.0337693165306405,1.1900311430413477,1
949,-1.0640780044026235,1.1668488931032548,1
950,-1.0932026863048003,1.143438820143249,1
951,-1.1285123069238978,1.1113717511089218,1
952,1.6582639203931921,0.2950919989802732,0
953,-0.13339072119254064,-0.8028829825658634,0
954,-0.10624453655868757,-2.8325477771460372,0
955,0.6899456055349314,-0.6126081561458858,0
956,-1.1568969293695954,1.085861808187039,1
957,-1.1826640851043593,1.0614588487272085,1
958,-1.2119994668670881,1.0318681655189548,1
959,-0.35587497554141717,0.4424359198531743,0
960,-1.2441180258901918,0.9984403663081964,1
961,-1.2662924318351936,0.972798677042618,1
962,-2.2599706020420807,1.3118832148319355,0
963,1.290292923892646,-1.820267102503691,0
964,-0.6493257567249145,-0.29465385231807495,0
965,-1.9802760686207788,0.19949990298309403,0
966,-1.2967771730991762,0.9384988900162158,1
967,-1.3139820454211748,0.9137838137483321,1
968,1.8322391212789888,-1.3335403140320432,0
969,-1.3381769209634744,0.8819015755412396,1
970,0.02357503920316851,1.8240003305282122,0
971,-1.3645845541475339,0.8471972123323813,1
972,-1.4821241107711591,2.0934752589250905,0
973,-1.3908523105065536,0.8116011636240883,1
974,-1.4200088370924961,0.773248125368546,1
975,-1.4452716328810373,0.7366186971399769,1
976,0.8012559131128486,-0.49421813881186916,0
977,-1.4569719308816582,0.7068983168683357,1
978,-2.088778808266167,-1.774839264797802,0
979,0.07379412268768193,-0.8331054637289107,0
980,2.6306015143917825,-1.3491431149063422,0
981,-1.1238698397419398,-1.7856968573163476,0
982,-1.4793571571364608,0.6698163553036366,1
983,-0.4720712678930734,0.3655451277870099,0
984,-1.3743401694473758,-1.5751885545604738,0
985,1.5511238807838101,1.8650112787388458,0
986,-1.4948270147341984,0.6354038625177989,1
987,-1.5104581284566032,0.5997524226209577,1
988,0.3308871515984505,0.1881805184505562,0
989,-1.5280291934259793,0.5621941312259282,1
990,-1.2527465665997888,1.441268028322104,0
991,-1.5482448277707777,0.5227143115400927,1
992,2.2148885533183242,-0.629423641636785,0
993,-0.11551544772332037,1.8400221603639562,0
994,-1.6002424086120985,-2.257642846313696,0
995,-0.6643833731776515,0.06271494166188273,0
996,-1.561431640179776,0.4853542978958129,1
997,-1.0435327142831947,-0.9462183720966638,0
998,2.0825508819911134,-0.947974263606983,0
999,-1.5757322041291932,0.446710128622116,1
1000,0.7520750068697263,0.7824329953431758,0
1001,-0.21944492300184373,0.49672275533628046,0
1002,-1.591153469446531,0.4069763200146636,1
1003,-1.5982169850923045,0.3691816935928441,1
1004,-1.6045266913514311,0.3306724679286382,1
1005,2.3322941638637578,-4.725398794261221e-05,0
1006,-1.61895409660273,0.2893217758912593,1
1007,0.15775974788965344,2.477046661855439,0
1008,-1.6319771989346126,0.2479630442545234,1
1009,-1.636427332536847,0.20796069505838663,1
1010,-1.4003369474834395,1.313578298568224,0
1011,-0.2999433036553926,0.4731248735474831,0
1012,0.28118403689299004,0.31785431560114324,0
1013,-1.6456002799366094,0.16653744073140614,1
1014,-1.6497608089459632,0.12552992816232988,1
1015,-1.255848691463318,-0.5708778903732394,0
1016,-1.6592634318978778,0.0834693036336877,1
1017,-1.657081616605807,0.042385730806113964,1
1018,-1.6665475735515052,7.581703187281088e-06,1
1019,-1.673624485458309,-0.042135342323252584,1
1020,-1.6713590827253808,-0.0840277822025746,1
1021,2.3194699981038567,0.41115748747218755,0
1022,1.9103469659294174,-2.1942200646501866,0
1023,0.9676124293493356,0.38266735850215905,0
1024,-1.676382534978969,-0.12606879249817354,1
1025,-1.6622638135150978,-0.16858675318561617,1
1026,-0.1330218229542872,1.1710609010916058,0
1027,2.1225983012136407,1.0931969164089193,0
1028,-0.31191661430528167,-1.4481436347820194,0
1029,2.916042921992481,-0.595501051415581,0
1030,-0.2525124655707703,1.1593818354067016,0
1031,-1.6738854034944937,-0.21011280707145974,1
1032,-1.6617540672573992,-0.2529396012060931,1
1033,-1.6559840471672704,-0.2953508545472383,1
1034,-1.6606900728534932,-0.33617870327620747,1
1035,0.8637960709263208,0.6264770022735942,0
1036,-1.2950836849479244,-0.4391900820694676,0
1037,-1.6468168731380328,-0.3792963257678028,1
1038,-1.6518631006366495,-0.4188743685340034,1
1039,-1.6338780532292603,-0.46243121224795525,1
1040,2.1537415487022176,0.9901282608972459,0
1041,0.8796317923697378,-0.37542722786581284,0
1042,-1.6189608919274825,-0.5053149778771819,1
1043,0.22553973007553835,0.3818271923045467,0
1044,-1.6114826680444199,-0.5459906988872708,1
1045,1.6121064348721166,-2.406384274677979,0
1046,-1.6045993198206314,-0.5857822118094711,1
1047,-2.1025222413232054,1.5289707276715638,0
1048,-1.5854791499893253,-0.6287021949283744,1
1049,0.29682187494460943,1.099756671345124,0
1050,-1.571440250203916,-0.6695339982934321,1
1051,0.6275906229579762,-2.100863635915383,0
1052,-1.556764876097522,-0.709922269054142,1
1053,-1.5419190123564586,-0.7496153786092358,1
1054,0.5608971064864946,-0.7069614489811826,0
1055,-1.5281899718229401,-0.7879431744394644,1
1056,-1.5073990624124927,-0.8285447683800099,1
1057,-1.485239191441023,-0.8690912427474724,1
1058,-1.9370261246482288,0.3956228929261963,0
1059,-1.4685963510197744,-0.9059154301234876,1
1060,-2.6644962862393853,-0.2686602400624783,0
1061,-0.31732631808157014,-0.7235783371644064,0
1062,-1.4542860148216432,-0.9401705137249287,1
1063,-0.4001441586233882,1.1345972542673814,0
1064,-1.4260218444418946,-0.9812950128007728,1
1065,-0.611193693598019,0.18591261766869072,0
1066,-1.4001836626714235,-1.0201734063072978,1
1067,-1.3752816510299344,-1.057443809806739,1
1068,-1.3311222803302138,0.033347740841161023,0
1069,-1.3554539329943098,-1.0899484625038625,1
1070,-1.3331463581443124,-1.1226357537125067,1
1071,-1.3032016774913628,-1.1597251995405804,1
1072,-0.5640653874082684,-0.48041309068188837,0
1073,-1.276902214503848,-1.192653556131221,1
1074,-1.2461342977693484,-1.2279261850129153,1
1075,0.980204498836877,-0.12334964417834171,0
1076,2.997499867406764,-0.0752558272378652,0
1077,-1.2166068271558872,-1.2607612633801824,1
1078,0.9356299837411803,0.460644806811028,0
1079,-0.5942746128748028,0.21489757863324088,0
1080,-1.0571079288365088,1.5726625599499755,0
1081,-1.1794590079363967,-1.299436189282123,1
1082,0.9176611023003016,1.5170967795275228,0
1083,-1.1549710521671293,-1.3243199676622175,1
1084,1.1864296810780415,1.292690665309494,0
1085,2.331362754003701,0.2352922759944257,0
1086,0.7548304634277223,-0.5488304274835027,0
1087,0.11689341930414736,-0.8364762241398276,0
1088,0.031945728875786714,-0.8411017022311706,0
1089,-1.1206013186645554,-1.3574573810901984,1
1090,-1.0888104222924297,-1.3862686050846043,1
1091,2.7155534419601897,-1.160175603538281,0
1092,-1.0551100254380292,-1.415496943344383,1
1093,-1.0260906965602168,-1.4371221475368177,1
1094,-0.9850820456951906,-1.4719688037365524,1
1095,1.0975751604178097,-1.1382429099557525,0
1096,1.557698766874175,-0.48678674706692826,0
1097,-0.9438475969396701,-1.5060742115358376,1
1098,-0.9131126122610951,-1.5237449201124198,1
1099,-0.8809078037940208,-1.5408042955090044,1
1100,1.6636915266438792,-0.08296209978433897,0
1101,1.0878301600350828,1.3873725167271989,0
1102,-0.8397578621450185,-1.569569556325231,1
1103,-0.79983732179767,-1.5947485436888105,1
1104,1.4314727952401438,0.9780130511666557,0
1105,0.8165044789019876,-2.7443934480933,0
1106,-0.760082268562325,-1.6178044803655762,1
1107,-2.5992574786769476,0.5265252256561201,0
1108,-0.719516428477543,-1.640435180714899,1
1109,1.4889623968227301,-2.4753955141722703,0
1110,1.006303572804204,0.025515248023331234,0
1111,-0.6829203764424704,-1.652844312152067,1
1112,-0.6399553689032403,-1.676110504975521,1
1113,-0.5991518864289604,-1.692576589849616,1
1114,-0.5549139767819575,-1.7152659146304512,1
1115,-0.5167573974752768,-1.7197236807067406,1
1116,-1.182618041144544,-0.7320588751726013,0
1117,-0.46956652303773655,-1.7468423543220875,1
1118,-0.42634684679029095,-1.7607671828627234,1
1119,-0.3830709963358743,-1.7723848262617277,1
1120,-0.3401415955998495,-1.7797987824072619,1
1121,-1.8096675065486343,-2.080528731683979,0
1122,-0.6640844667330645,-0.01615116359084988,0
1123,0.5846327768141296,2.406619553488537,0
1124,-0.2945041312303137,-1.7955698976647172,1
1125,-0.6713475175065938,0.015283174611638438,0
1126,-0.25055577959077274,-1.8015142276839993,1
1127,-0.20573153066085295,-1.8086427556247577,1
1128,-0.754690769706888,1.722750624912131,0
1129,-0.16139855360498395,-1.809076645028135,1
1130,-0.11593370988175716,-1.8128816741381828,1
1131,1.6660533771073247,0.21060366067253197,0
1132,0.8364836083680233,0.671593335160516,0
1133,-0.46728216774813836,0.3682560636585086,0
1134,0.6578948826950297,-1.4011190683222727,0
1135,-0.0681906421165667,-1.835927651108145,1
1136,-0.022886318110118046,-1.83376457429053,1
1137,0.022784977691788447,-1.8285633397237435,1
1138,2.8592919401781955,-0.8103882520073458,0
1139,0.06934051741941144,-1.8405850126656695,1
1140,0.7712352505726874,-0.5306080822586322,0
1141,0.11551045262210502,-1.8409770904451628,1
1142,0.6402352977836537,0.8942680359174354,0
1143,-0.5738885056808996,0.2444329017174372,0
1144,-0.5758872284079031,1.7788937653025432,0
1145,-0.1718430078086387,-0.7923059831419156,0
1146,0.16189009843739122,-1.8352261055830206,1
1147,0.20812800282320867,-1.8358708153976468,1
1148,0.255008118531665,-1.8257873965821745,1
1149,0.30147557076182424,-1.8214406561976149,1
1150,-1.469979680465378,1.2438797151752186,0
1151,-0.3518477604122126,-0.7003102556598126,0
1152,0.34582857244933135,-1.8314959895454532,1
1153,0.3933114508268898,-1.8149105891384971,1
1154,0.4392862011367848,-1.8074991233431081,1
1155,0.48594404354553267,-1.794843974082211,1
1156,-2.145353764438784,1.4749309684470733,0
1157,-0.01753416207991079,0.49511614244603935,0
1158,-1.5755252356144218,-1.3472322692412977,0
1159,0.5321232169420468,-1.7831008218887512,1
1160,0.5755510497283681,-1.7801709557645242,1
1161,2.2577485588253934,-0.5158954503500923,0
1162,0.621569356191486,-1.764765656351737,1
1163,-1.5346424994623944,2.059561479643719,0
1164,1.866796451862183,-1.2888983323985845,0
1165,-1.8831244921003467,1.7732174089489061,0
1166,-1.3319017055841227,-0.20285792089190496,0
1167,1.2762236531974946,1.1932173843507068,0
1168,0.6687796257785095,-1.744104555069609,1
1169,-0.6542368230305529,1.041567364894861,0
1170,0.7130203715822555,-1.7311435963145365,1
1171,0.7569199326435128,-1.7167964403945675,1
1172,-1.0080790200691159,0.7643606180229449,0
1173,0.3439329547973916,0.018490311011783833,0
1174,0.7987980935882658,-1.7052070407147515,1
1175,0.839861487745269,-1.6927229886658666,1
1176,0.8869220916247286,-1.6645175435644464,1
1177,-1.2851338677394173,0.2907428172824753,0
1178,0.9278572445635893,-1.6477864564043119,1
1179,-1.3074679983192772,0.16588330211575827,0
1180,-1.1398905604118275,1.519406457393681,0
1181,0.9738177229591476,-1.6190463716898198,1
1182,1.0151085440970034,-1.5975027383360723,1
1183,0.9463625126034587,0.43485201883513425,0
1184,0.4028921679352431,2.4538301214028944,0
1185,1.0620942341310875,-1.564243582566603,1
1186,-2.4417182936875492,0.9671598085588975,0
1187,1.0967549696642496,-1.5497376817866586,1
1188,1.1399208112334518,-1.5193607983153792,1
1189,-0.9819694270153331,0.7916621476146819,0
1190,1.180309142916199,-1.4915109223839538,1
1191,0.2637637721090002,0.34177187400215636,0
1192,1.2131441952151552,-1.4721090516328457,1
1193,1.2535173969128688,-1.4402764006289128,1
1194,0.13817302433816242,-0.8438450807946708,0
1195,0.03092894500025033,2.5069945685130564,0
1196,1.3395973571929876,-1.786077471847377,0
1197,-0.1778396505381704,-2.817595137507843,0
1198,2.8438088010542693,-0.878192470807186,0
1199,1.2893454869499736,-1.4124349318822464,1
1200,1.3266229000286016,-1.3808833015829516,1
1201,-0.513137098653182,0.3230922988574148,0
1202,0.03170424721589758,0.48977793086650717,0
1203,0.17082505398223055,-1.4980165674212287,0
1204,-0.27692449854271534,-1.455287803423704,0
1205,-1.0934706909930076,1.5549770352681882,0
1206,1.3655762767848623,-1.3457523287949273,1
1207,0.819218769577697,2.3256390016256385,0
1208,-1.3295326817218704,-0.23678768454501425,0
1209,1.3973558778607422,-1.3167046924975203,1
1210,0.4006077501392398,-1.464741109322069,0
1211,1.4316856330875685,-1.2830222443035504,1
1212,1.599718880879684,0.5872368512271854,0
1213,-0.9492017928408256,-1.892869330947846,0
1214,0.16680119973028829,0.42749141725971945,0
1215,1.4711950700586895,-1.2427273881500602,1
1216,1.4511995033033458,0.9419243462830262,0
1217,1.4969693518367997,-1.2137095932183477,1
1218,1.5358909786063257,-1.1711748659526733,1
1219,-1.0233414840621435,2.332596327673663,0
1220,1.5663511494442905,-1.1345522770148373,1
1221,0.18648127659994665,1.1357277151064753,0
1222,1.5961804406886002,-1.0968251537047529,1
1223,-0.07103674305366832,0.5116090724759365,0
1224,-0.24897276490031023,-2.806099461648295,0
1225,1.6265475030576995,-1.0571794025558736,1
1226,1.6517612955364998,-1.0197494337272712,1
1227,1.675109173627726,-0.9819131257074829,1
1228,1.0098451827325394,0.07606826669766184,0
1229,0.8028434578640097,-1.3321476787135662,0
1230,1.7023963784108962,-0.9399819888265987,1
1231,1.734272053721784,-0.8941100654156037,1
1232,1.7530340998243734,-0.8546957865321263,1
1233,1.7793797379096514,-0.809743585056887,1
1234,-0.28158947568665077,-0.7455009026580114,0
1235,-0.5202052235698154,0.3137462569102172,0
1236,2.1281930912974025,-1.9992767470028774,0
1237,0.3228481195406949,1.0912040296088132,0
1238,-1.9822852902332038,-0.4034301632037839,0
1239,0.07285543400931688,1.1575923048261345,0
1240,1.806741467938676,-0.7633290753231835,1
1241,1.8174232688246694,-0.7237955039162685,1
1242,-0.5357589810579911,0.2968406750346105,0
1243,0.5134544741047165,1.7288337494671793,0
1244,-2.3330078060907025,-1.4235042259001216,0
1245,1.838844197105928,-0.6779565014204313,1
1246,1.8655927701594543,-0.6290688567996178,1
1247,-2.5107687552528186,0.7843778645919071,0
1248,-1.9550504635042787,-0.5532774545538633,0
1249,-0.9893370771573569,-1.0171622183297833,0
1250,-1.0854494040020937,-1.8083248854604124,0
1251,-1.7994181081442344,0.7669235473782102,0
1252,1.879094118167576,-0.5846072726974151,1
1253,1.8931944459322274,-0.538802769103742,1
1254,1.9099961194286241,-0.491170387467079,1
1255,0.9277945135727226,-0.2860181022433476,0
1256,1.937872919156648,-0.43965073846243374,1
1257,1.9381934749724385,-0.39531905007021745,1
1258,1.9525155257769289,-0.34636672841550126,1
1259,-2.5738919153133417,0.5930705485783608,0
1260,-0.044571200578015724,0.5058860576279316,0
1261,-1.108349750277405,-0.8562157537152413,0
1262,1.9666277874596951,-0.296982446110489,1
1263,1.9735421189132953,-0.24853555895448412,1
1264,1.9923548783888325,-0.1976271892166525,1
1265,0.9094426788626851,-0.32891328632645805,0
1266,1.9781497472647707,-0.15111028180976493,1
1267,2.000348295366193,-0.09936957662701167,1
1268,0.38170755886082747,1.777270203679821,0
1269,1.9907390540524719,-0.05066050793353999,1
1270,0.018661562825064006,-1.4976964957680001,0
1271,2.0041739481728897,0.0002214348279737071,1
1272,2.0024739433447833,0.05033943186575741,1
1273,1.9946688335077807,0.10073549797833252,1
1274,2.268730314614996,0.6458896631394234,0
1275,2.008779330822622,0.15110961066068407,1
1276,2.0020972713541023,0.20171824169031932,1
1277,-1.6551929456958028,1.017363630293177,0
1278,-0.39171808397458474,0.4252982996128995,0
1279,2.0010501740881703,0.25207480834197704,1
1280,1.9924750123947357,0.30291852810709735,1
1281,-0.625083660590921,-0.3636483833715318,0
1282,-0.24868346265712069,-0.7577711695046296,0
1283,1.978048793511405,0.35448650133053644,1
1284,1.9783823414195805,0.4040145215920418,1
1285,0.9042716214178758,-1.2775517561623124,0
1286,1.9734858199599798,0.45374080227871766,1
1287,1.9580986183481417,0.5049991053543943,1
1288,1.956590098472704,0.5529263289071814,1
1289,0.42818934421949095,1.7547551257660514,0
1290,-0.6574012197346679,0.04947011817006595,0
1291,-1.1737393146169945,1.5009039323030837,0
1292,-0.6422562172765969,-0.31255537829455377,0
1293,1.9443019652464064,0.6025651956167996,1
1294,1.932945556290917,0.6513464101441563,1
1295,1.9096595536022092,0.7030348864841874,1
1296,0.34200340991125117,0.19456405525132495,0
1297,1.9000816597881438,0.7498493824406421,1
1298,1.885008699673316,0.7975165847316444,1
1299,0.7843617783700824,0.7415620286864382,0
1300,1.8672048014152622,0.8452760187009076,1
1301,1.8460418353986552,0.893493597145318,1
1302,0.556927460618644,1.7101210981617423,0
1303,1.827107502272238,0.9397981463445881,1
1304,0.15954539215597957,-0.8436642245823133,0
1305,0.4383430677414444,-0.7708084608094281,0
1306,1.8018277867730867,0.9880006924473723,1
1307,-0.16196754874854163,1.8326830938202423,0
1308,1.7697825517248278,1.0387732703439347,1
1309,-0.5459769081357453,1.0850398578590268,0
1310,0.887134639174069,-2.0325540799431114,0
1311,-0.9425821301750243,-1.0665295025302974,0
1312,-1.9576838061437687,-1.9305072273280706,0
1313,0.4731760570426725,-1.4608856357953217,0
1314,1.750317710952506,1.0820345049536604,1
1315,0.35315709733546025,0.11789428358493158,0
1316,-0.7097370650862453,1.7406356118629478,0
1317,1.7233666052538121,1.1280786983195437,1
1318,1.6999772225844327,1.17071632992767,1
1319,1.672657297841037,1.2143078049803608,1
1320,1.6392703798383559,1.2605953551261222,1
1321,1.965296320054548,-2.1491341093112584,0
1322,0.6445992430964461,2.387057773679325,0
1323,0.3429505652656845,0.05212792603695499,0
1324,1.6121756652577643,1.3011553495348953,1
1325,-1.0873224447165377,2.2971504003048473,0
1326,1.5787224793015777,1.3447884716819287,1
1327,1.761478388257918,-1.4184300592861587,0
1328,-1.854853155741187,-2.037126672754608,0
1329,-0.3859470167770934,-0.6745923200539083,0
1330,1.538950546107387,1.3920766400082458,1
1331,1.5139278973305705,1.4258298810954475,1
1332,-0.547137645848728,-0.5007320375393398,0
1333,0.9971363064617295,0.2297495462504576,0
1334,1.4960104870020554,1.915950375706079,0
1335,1.4770296352653887,1.4677211401884822,1
1336,-1.9912370833187847,-0.30304050296266194,0
1337,-1.9943313800544016,-0.10073462202199034,0
1338,-1.7772387027146486,-1.0349272075499427,0
1339,-1.3415465923815355,-1.605077853730057,0
1340,-0.7107070744684022,-2.005345375725654,0
1341,1.4438401670946213,1.5045777727069969,1
1342,0.26560992231929753,0.33731288172006646,0
1343,1.41227785232682,1.537773884117937,1
1344,1.3733601085603986,1.5762053774474911,1
1345,1.3384801727475266,1.6084240727479755,1
1346,1.2910437156721983,1.6526411982080325,1
1347,1.2590300173947955,1.6771152269336824,1
1348,1.2111414323729137,1.7186210391752266,1
1349,0.5829837149580146,-1.433021785541444,0
1350,1.1682385132571904,1.7521679866327209,1
1351,1.1315852841934624,1.774793204355398,1
1352,1.0863230759975595,1.8070217617219266,1
1353,1.0411728902629969,1.8369884894519497,1
1354,0.9908839840252409,1.8732517667313693,1
1355,-0.7110798097851927,1.0065661487307065,0
1356,0.9500147718641948,1.891432909755106,1
1357,0.902145516093371,1.9191834839258202,1
1358,0.8551891290821302,1.9428455615397109,1
1359,0.803630284312393,1.9735999114202567,1
1360,0.7577258057918895,1.9898865004262085,1
1361,0.7092852886813112,2.008813621803509,1
1362,0.657821435822816,2.0326358603738393,1
1363,-1.972097825962203,-0.45398452294819075,0
1364,0.6091397746202103,2.046441150931213,1
1365,0.5594629124603917,2.05966310847242,1
1366,0.09333664067880519,2.503411439240296,0
1367,0.5069006619387917,2.0789772071637653,1
1368,0.45651548132722664,2.087939786285495,1
1369,0.6564011294893466,0.8812025063327099,0
1370,-0.3948357208491401,1.8052519169559489,0
1371,0.40038420548287845,2.1163184345209047,1
1372,0.3480355716173962,2.1277828653678506,1
1373,-1.323495057641501,-0.30430012511756854,0
1374,1.0039873602853648,-1.210736059797923,0
1375,0.2967488339411544,2.1302916433990924,1
1376,0.24369798675330212,2.1376637708956663,1
1377,-0.01831024492540587,-1.5048050718393204,0
1378,0.18922337105315487,2.151173413117339,1
1379,0.13500035968306578,2.1613182710793923,1
1380,0.08118890921246845,2.1648382860311974,1
1381,-0.6077940916750352,-0.3986663018647713,0
1382,0.027326347680717494,2.1632683494344973,1
1383,-1.9155717662997003,-0.7012071526071313,0
1384,-1.7543797438852626,0.8539489220017683,0
1385,-0.027543638749819604,2.1760944082396882,1
1386,-0.08177427501838727,2.165664937914844,1
1387,-0.1365312712052184,2.1643089927965202,1
1388,-0.2986875104534092,-0.7363014538799654,0
1389,0.03582120010945615,-2.8425173200097564,0
1390,1.4065054529574195,1.9871159653747397,0
1391,-0.1911665694883608,2.1675264778871486,1
1392,-0.2458878001465479,2.1645718408683803,1
1393,-0.30055386812342033,2.16066768589579,1
1394,-0.3556779718456847,2.150773839739922,1
1395,-0.40980989250984295,2.1474422277925127,1
1396,-0.4649608124513094,2.134727803808902,1
1397,-0.5191987233808352,2.1257025661785116,1
1398,-0.572609385053841,2.1180094711129858,1
1399,0.9514362242917365,-0.21878469693179275,0
1400,0.05649633913356699,-1.497137949107034,0
1401,1.6541282746780148,0.3370919442583693,0
1402,-0.6272772633338319,2.10213984154246,1
1403,-0.6795799784574486,2.093269227306968,1
1404,-0.7319800359844361,2.0807994342471083,1
1405,-0.7872751919331162,2.056632552536125,1
1406,-0.1244822492894569,0.5043164079236718,0
1407,1.8732033424427026,1.5092608047482103,0
1408,-0.8370397862826056,2.0468252691430315,1
1409,-0.8896966196512255,2.0258841160283834,1
1410,0.617910313873817,-0.6698339716420727,0
1411,-0.9440829868222451,1.9985912632734626,1
1412,0.7338814439817619,-2.0744545392033897,0
1413,-1.0998319899877935,0.645874691891755,0
1414,-0.6635575435707133,-0.25862981685593434,0
1415,-0.9898374616742205,1.9892825820723303,1
1416,-1.0441791178107362,1.9578395427396673,1
1417,-0.4882809530162667,-1.3781717216299425,0
1418,0.010460805073211451,-0.8343590113633367,0
1419,-1.095689186561603,1.9306356042389181,1
1420,0.6185540303040004,0.9123848215941448,0
1421,-1.1430632054457897,1.9090957730853753,1
1422,-1.1903486090522422,1.8848795112142709,1
1423,-1.244836028111049,1.8460842314068615,1
1424,1.6087586793127062,-0.32952188908031577,0
1425,-1.6813323227806904,0.9778153075815775,0
1426,0.32372427398741527,-1.481793460400303,0
1427,-1.2856458681229062,1.8275451487823295,1
1428,-1.3409260060476893,1.7841077878648275,1
1429,-1.9789719540999535,1.674661373386169,0
1430,-1.5405900562552228,-2.304502847528417,0
1431,-1.3788932038992623,1.764056559350576,1
1432,-1.4251283641423738,1.729549115809819,1
1433,-0.6737026705407128,-0.1374215086439301,0
1434,-1.472306423220243,1.691783045109114,1
1435,-1.5149233782277465,1.6576733358812763,1
1436,0.8728536117961482,-1.2933591293986195,0
1437,-1.5652737795075047,1.6124723987272334,1
1438,1.0040553935376224,0.15264859997449862,0
1439,-1.605154318479688,1.577388929119718,1
1440,-1.6460069802122037,1.5390071861505843,1
1441,-1.683130914323387,1.5022405267111127,1
1442,-1.7234992551389836,1.460181719850256,1
1443,-0.16393271325624964,0.5146363003637591,0
1444,-1.7656114454037874,1.4147648932125945,1
1445,1.6400389061566956,1.7809301900024583,0
1446,-1.7967383881735732,1.3770755003118,1
1447,0.10748422858984162,0.4708689354929496,0
1448,-1.838173566979165,1.328789313915789,1
1449,-1.866847450143954,1.288859570760834,1
1450,-1.9034312357858214,1.2409987345508895,1
1451,-1.231503519662077,0.4161332841139351,0
1452,-0.28323992887743704,2.4995473839893134,0
1453,-1.9365334701867436,1.1940472601188818,1
1454,-1.9686515608045572,1.1461349169236221,1
1455,-0.3114783146188539,1.154101551944037,0
1456,-0.601823439496609,1.0626988174765541,0
1457,-0.20400967101889755,0.5087195160038375,0
1458,1.0914126069916874,-2.660173541366346,0
1459,0.018125198637039538,0.4978910668412752,0
1460,0.3364678081288202,0.21371074324545444,0
1461,0.7123651777749508,0.8261844464767915,0
1462,-1.996530868969441,1.0992846975030761,1
1463,-2.028511624968585,1.04837874437411,1
1464,0.7314607121447629,-1.3672476343477418,0
1465,0.5173763806446057,-0.73668477879263,0
1466,-0.6696094918185926,-0.15515229499510363,0
1467,1.5618751799444472,-1.616352168264341,0
1468,-0.6416883653600741,0.0982618006378033,0
1469,-2.049143646141692,1.0023854473340879,1
1470,-2.081074441598562,0.9487309387292501,1
1471,-2.105256849138246,0.8977995924547285,1
1472,-0.9617591003355811,-1.0464776938319982,0
1473,-2.128452685890437,0.8459596396237659,1
1474,1.6387388761735247,-0.20751673571245036,0
1475,-2.1484675865946006,0.7941869088707035,1
1476,-2.1846769732989735,0.7347643114445382,1
1477,-2.195547766856162,0.6842852396839467,1
1478,-2.2231894351372685,0.6266499569451359,1
1479,-2.2331358757922177,0.5739702301883978,1
1480,-2.24869026704086,0.518422973871613,1
1481,0.29518575230928723,0.2927781171531924,0
1482,1.4734127372370096,-1.690383780188092,0
1483,-1.5912657900743998,2.0171881702090393,0
1484,-2.270441908582957,0.46046485293196726,1
1485,-0.48750873038598624,1.1088669328637117,0
1486,-2.2806724550951945,0.40472907414424864,1
1487,0.5109783607639817,-1.4492723438782436,0
1488,-2.28602737717451,0.34912002170833134,1
1489,2.144633881515252,1.0396868065819023,0
1490,0.13902943724684413,0.45251019013256855,0
1491,-2.301736904742355,0.2907677719144169,1
1492,-1.253724544081081,-1.6835251922759529,0
1493,-0.6708355662044072,-0.08511583149195141,0
1494,-2.3083288940557223,0.23349118126748147,1
1495,-2.494846715397964,-1.0597419091816807,0
1496,-0.4300256862315726,1.1246612066937776,0
1497,-2.3283856985276814,0.17398551164430281,1
1498,-2.321708350283282,0.11729084872266124,1
1499,-2.3283485519594085,0.058681797183942445,1
1500,-2.3227011642944344,0.0004834749309529721,1
1501,-0.5942904136890684,0.20513380764544528,0
1502,-0.08060877771895514,-2.1715111286426856,0
1503,-2.3390347080151197,-0.05878033173904275,1
1504,-2.3360743615134902,-0.11750293067576094,1
1505,1.6818397609375064,-1.5035072473172035,0
1506,0.3000447976812492,0.2836401412420804,0
1507,-2.3380131494028285,-0.17626480471807157,1
1508,-0.7379761779244173,0.9900504376289151,0
1509,1.225744299200105,-2.607074848322578,0
1510,-1.760824308305085,-2.1249008498192836,0
1511,-1.4279441786800622,2.1271392551617745,0
1512,0.606379539636934,-2.786103086542965,0
1513,-2.338064355720335,-0.2349213265237338,1
1514,-2.660643615223589,-0.33573976622058543,0
1515,-0.1355142199176597,-2.156745905229465,0
1516,-2.3309405828957677,-0.2938912572595332,1
1517,-2.3227107691546407,-0.35292592514471066,1
1518,0.5352572911879588,-2.798884964834104,0
1519,-2.3170802692535832,-0.4114719751029529,1
1520,-1.9875376758521728,0.14989617383721318,0
1521,0.4755340914041994,1.7289901159718772,0
1522,-0.3883333096202473,-2.792070939331126,0
1523,-2.644693475652754,-0.4038464410874895,0
1524,-2.304855965373762,-0.47062421338966626,1
1525,-2.2952202372128707,-0.5290591986683906,1
1526,1.2071751692938437,2.1242210945066935,0
1527,0.3374072741669882,0.07946266569095005,0
1528,-2.2864125109145097,-0.5867916657521715,1
1529,-1.1675236838955376,-0.7623392823245444,0
1530,-2.280173804366165,-0.643191142456951,1
1531,-0.01043930435125231,-0.8320457742934241,0
1532,-2.258117672210197,-0.7027218888900061,1
1533,0.8374673007385984,-0.44008138728350454,0
1534,2.182096979361761,-0.735773469110817,0
1535,-2.24205495152047,-0.760189654404245,1
1536,-1.9325663177489634,1.7234837316489189,0
1537,-2.2271060365458366,-0.8165003403016433,1
1538,-0.04382353371556629,1.164163279170918,0
1539,0.982078869652866,0.33157912298793857,0
1540,-2.21529228065295,-0.8707064481718086,1
1541,0.13255321445373994,-1.5059451048064625,0
1542,-2.188112992285809,-0.9292904203591525,1
1543,-2.162634360735199,-0.9865486947551136,1
1544,-2.1486481474300376,-1.0379522731067516,1
1545,-2.1147048574594383,-1.0968461476257436,1
1546,-2.0915026523254925,-1.1497604235230878,1
1547,-0.08372550350444542,0.499864192721506,0
1548,1.5365261386405322,-0.5584313084314688,0
1549,-2.0682906887616213,-1.2011768208891764,1
1550,0.8353950908328579,1.576692094469265,0
1551,0.7280206371871707,-0.576810593988107,0
1552,-2.0330637037165467,-1.2576199098928447,1
1553,0.6744093758831479,0.8646663345437275,0
1554,0.35052218498053866,1.077162303348108,0
1555,-1.998616168493607,-1.3125600407135347,1
1556,-1.9771923453282927,-1.3581124440924177,1
1557,1.212902884356597,-1.030991683576617,0
1558,-1.9382766669746612,-1.412908618845486,1
1559,-0.058195426026817945,0.5132423143724538,0
1560,-1.9089216707318746,-1.4597972475717582,1
1561,0.24789701452285073,0.35757791555798235,0
1562,-2.6348757557031504,-0.5366532594550443,0
1563,-1.8740955986396792,-1.5086040764331141,1
1564,-1.840379448449168,-1.554684263252433,1
1565,-1.8020350755938241,-1.6024129803261487,1
1566,-0.6599670691700453,2.4380043732844303,0
1567,-0.296537262752035,-2.1314068011236493,0
1568,-0.9327708553866149,0.8408778290209414,0
1569,-1.7564733917120523,-1.6544222305359424,1
1570,-0.13157194115795057,-1.4810678942347575,0
1571,0.9914538696457454,0.28074673072484463,0
1572,-0.8022966273455989,1.696534695682092,0
1573,-2.6090848786353424,-0.6697256683600448,0
1574,-1.7151350256777227,-1.701161191634819,1
1575,-1.6737533072752198,-1.7459569713607475,1
1576,1.6349532326495384,0.42210455417104636,0
1577,-1.6302346411517956,-1.7907381836758862,1
1578,-0.6661993580589379,-0.050291420952440005,0
1579,0.2326193429040205,0.3745453353549556,0
1580,1.6049861134411032,0.5477498555933887,0
1581,-0.6427475425311285,0.08348623308591414,0
1582,-0.5698007830178572,-0.46675681765027544,0
1583,1.356850640659041,2.02503851603474,0
1584,1.1183117807996503,1.3599083220157249,0
1585,1.6748959568735835,-0.04079945708230068,0
1586,-0.8857738853781776,1.666995796671995,0
1587,-1.594107471288455,-1.8256292914059165,1
1588,-1.5518150494541167,-1.8642464438126367,1
1589,-1.5007146658325166,-1.9104736991339377,1
1590,-1.4561408263876519,-1.9469162487270106,1
1591,-1.4078742612952908,-1.985349741909184,1
1592,-1.361135689082264,-2.0192120926248913,1
1593,-1.3087450453302933,-2.0582562616579216,1
1594,0.9982952195566519,0.1786260410608728,0
1595,-0.5271688982925796,-2.7634892986900343,0
1596,0.052618994044107414,-0.8363544630111993,0
1597,-2.574909606706024,-0.802140160002667,0
1598,-1.2567029420814677,-2.0945024500318623,1
1599,-0.6035811817666416,-0.4135686199787197,0
1600,-1.2077944164806222,-2.1232302654888273,1
1601,1.629866805187693,0.46330288659821767,0
1602,-0.4007433847411998,-0.6635237093401676,0
1603,-1.1525572981004188,-2.159384785791376,1
1604,-1.0971024799831512,-2.19362269514862,1
1605,-0.639155375273189,0.11300773167711149,0
1606,-2.2483916248767213,-1.5492764992051757,0
1607,-1.049374836715483,-2.2106976058940293,1
1608,1.2537615488149558,2.0989553172111304,0
1609,-0.9879173325934044,-2.25112147983589,1
1610,-0.9355445433614733,-2.270571591206159,1
1611,-1.9387611336285837,-0.6039766036034451,0
1612,-0.8752836924295796,-2.3042464740724706,1
1613,-0.9047636074303355,-1.9142730566612953,0
1614,-0.8168448751133922,-2.3315425484953187,1
1615,-0.7600265231369037,-2.3518764224093776,1
1616,-0.7028317018087555,-2.3697406444366615,1
1617,-0.6445832900865198,-2.387108131801462,1
1618,0.5726248594605292,0.9486538953600515,0
1619,-0.5841775925103945,-2.408192958372356,1
1620,-0.524523905874266,-2.4236442331542727,1
1621,-0.6649165309298575,-0.1025200455548011,0
1622,1.1555470333465452,1.3237337462818548,0
1623,-1.3602705892424822,1.3516052181464988,0
1624,-0.46637845583373605,-2.428968175338065,1
1625,-0.3012922041329715,1.8231625235081832,0
1626,0.7801668577094226,-0.517834394483941,0
1627,-0.4040091515630197,-2.4484867753183726,1
1628,-1.2691533881962591,-0.5375476370382277,0
1629,-2.0020946049548125,-0.050328884005612085,0
1630,-1.3149161555575777,0.13294087836368954,0
1631,-0.34128875244740353,-2.4680023024713997,1
1632,-0.07385219060458435,-0.8141483306089402,0
1633,1.9750045069990292,1.3594809277942859,0
1634,1.6152657993214896,0.5062161402933066,0
1635,1.0219020058983517,-2.688434679457211,0
1636,2.322905271666212,-0.11717581831297129,0
1637,-0.25411489350505423,1.8368074311531042,0
1638,-0.2809468590838315,-2.471084652138829,1
1639,-0.21942754243211807,-2.476318096219065,1
1640,-0.15715000277342414,-2.4828124314419777,1
1641,0.6978790439901605,-1.3772550816897724,0
1642,-0.09357412702804103,-2.5004559802665387,1
1643,-0.8559179466020933,-1.148168799457884,0
1644,-0.4999932671159976,0.3382544208131464,0
1645,-0.030946050112135463,-2.506683907530781,1
1646,0.03145273511722755,-2.5018356930525254,1
1647,0.9987949119487138,-0.04912652048661921,0
1648,0.09436001318301558,-2.4987353923741145,1
1649,-0.40616766222010775,0.4143349263622793,0
1650,0.8846486811417501,-0.3576030982033146,0
1651,-0.1573624035586556,2.503303200504409,0
1652,0.15747362736046844,-2.497885985838092,1
1653,0.22054255796862846,-2.4975624921200934,1
1654,0.2827167920051379,-2.50691521702629,1
1655,0.346737986954545,-2.488175752235153,1
1656,0.40929722732007634,-2.4847590899035343,1
1657,0.47268172911002576,-2.4721034644756372,1
1658,0.49477538463163745,1.0086449798357469,0
1659,1.4272915107860522,-2.5048105254650728,0
1660,-2.281753997736986,-1.4923721776242174,0
1661,0.2943563407851098,1.7962254920630403,0
1662,0.5350634151416196,-2.463935974979289,1
1663,-2.6733080843538555,-0.13420328483132585,0
1664,-2.3449229063693946,-1.3750557175615097,0
1665,-0.8099106509612791,-1.9602401473270534,0
1666,0.5968602720445477,-2.4555928191977627,1
1667,1.3827300238041422,1.0524306936230485,0
1668,0.26916049512624307,-0.8173386132371654,0
1669,-1.1922503344842248,0.5027465635832973,0
1670,0.4311610420617816,1.033816643447041,0
1671,0.9143279925126865,0.5309032160601518,0
1672,0.32119611439990875,-2.826074946827684,0
1673,0.6595573236804324,-2.439820099115677,1
1674,0.719967802378437,-2.430935151651892,1
1675,-1.0321178108522309,-1.8512591998821244,0
1676,0.7811525253664342,-2.4153972729168607,1
1677,-0.22302088188853855,1.1590069221854034,0
1678,0.8446316315982514,-2.3894627578767653,1
1679,0.9039898168365352,-2.374405759820689,1
1680,-0.42952365438327894,0.3990889823540543,0
1681,0.9657579401530815,-2.3492397661518574,1
1682,1.3489238233431602,1.0945870805148206,0
1683,1.0264483303584273,-2.3246570631577708,1
1684,1.0852597757760365,-2.3020538860596442,1
1685,-1.6781687281610431,-1.2107202924692266,0
1686,2.896799467506743,-0.6683389244392143,0
1687,0.9680511167780705,-0.14908498627495662,0
1688,1.1437530932703968,-2.2772021742707205,1
1689,1.2029444510659106,-2.24805808941781,1
1690,2.319732614226581,-0.1750376385938466,0
1691,2.2370707357314834,-0.5727646941822355,0
1692,1.2519623911384246,-2.2362778423246326,1
1693,1.126877798717888,-1.1132174212168875,0
1694,-0.9715305392424255,1.6233939689381094,0
1695,1.3167754677277141,-2.190811951427062,1
1696,1.3676091699708777,-2.1685861245423563,1
1697,1.4275457559786053,-2.1277902094211565,1
1698,1.4817290624751496,-2.094085640276117,1
1699,0.08104918187967089,0.46985226856432266,0
1700,1.5315328397026653,-2.064110849244522,1
1701,1.5857798664700462,-2.024795575954877,1
1702,1.6459331892320799,-1.9753822081548196,1
1703,1.664897187741804,0.2526628504575665,0
1704,2.1751185899410057,-1.9513500583890575,0
1705,1.6953204394484627,-1.9380109532393677,1
1706,0.09540600052848784,-0.8403352953776323,0
1707,-0.6739596095339486,-0.11996689397316909,0
1708,1.7439632350490177,-1.8988281758529246,1
1709,1.7966545034148562,-1.852474313203412,1
1710,-1.1544921594173476,0.5627536434731201,0
1711,-0.9159938472934198,-1.0923935747798654,0
1712,-0.2627889986692338,-0.7569352331464669,0
1713,1.838457344874511,-1.8158092344341208,1
1714,1.8824728830553714,-1.7738816245132178,1
1715,-1.3143551421418433,-0.40313478806889963,0
1716,-1.2417360415270176,-0.6040559897177621,0
1717,0.24944994024705772,-2.8372325657203468,0
1718,1.9296921688437674,-1.7262696080822761,1
1719,1.9781207554424074,-1.6754458496884945,1
1720,0.46347552910740836,-2.8138860569543747,0
1721,-1.0258140377954192,-0.9710941776583014,0
1722,2.0130959171227536,-1.6345672831989562,1
1723,1.3255837019971295,1.1283001711214022,0
1724,0.34068280350295055,0.025784944087056384,0
1725,2.295114524388831,-0.3473105697216148,0
1726,2.004050770526611,-1.0946829160057236,0
1727,2.065013589670784,-1.576703217621,1
1728,-2.4218443418292743,1.023573398604053,0
1729,-2.6639634131156975,0.06689424110742437,0
1730,-0.6569878923655745,-2.034824732527587,0
1731,-0.6618366637876727,-0.24243010082856178,0
1732,2.100538847313413,-1.5305391921157678,1
1733,2.144886613071989,-1.4752816454046864,1
1734,0.49641213044389665,-0.7491968628640131,0
1735,0.573252106824302,-2.1150745161747864,0
1736,2.180892997860078,-1.4243559084813486,1
1737,-2.1317551839073454,-1.719181489533738,0
1738,2.224437927931983,-1.3662517527940337,1
1739,2.2570576243529015,-1.3137438035428304,1
1740,-2.6266348890739564,-0.6025859362118451,0
1741,2.2952424483276137,-1.2558665570140757,1
1742,0.8196540813509016,0.6951739764317633,0
1743,2.3260809143244514,-1.2007128492418975,1
1744,2.3541642303361736,-1.145239654205918,1
1745,2.381575983534127,-1.088295036394239,1
1746,2.4100784697606423,-1.029149059478001,1
1747,2.4382970124131886,-0.9686768537943985,1
1748,2.460960390258723,-0.909193846527761,1
1749,2.494734825503571,-0.8439654419836041,1
1750,2.5136629545921982,-0.7833480737083436,1
1751,-1.3415075414374713,-0.1685250907351371,0
1752,0.1379210426483352,0.44246709794278527,0
1753,2.5345997703613765,-0.7207132782447153,1
1754,2.5553173491942567,-0.6570640362499823,1
1755,2.571281999371375,-0.5937825433605359,1
1756,2.593688362461463,-0.5278948716707077,1
1757,0.9544711375593363,0.4096302792544355,0
1758,2.6081413737488837,-0.46323836668220614,1
1759,2.6201356227179127,-0.3982849970071334,1
1760,0.9352536101947616,2.2712014865037693,0
1761,2.6307703178120145,-0.33282510821141537,1
1762,0.6007325929420818,-0.6804923098337966,0
1763,2.6445634020438034,-0.26628168274806435,1
1764,2.6522577010473065,-0.20013632673189166,1
1765,2.419630756206889,-1.6642087034496937,0
1766,2.6601347610040627,-0.13352145280102196,1
1767,-1.1437421038216302,2.277226562298875,0
1768,-0.6550707753462099,0.03438132545169985,0
1769,-1.9550525800584737,0.3457742204060751,0
1770,2.6618294114462184,-0.06703301888333435,1
1771,2.665930689645219,-2.9283595243645807e-05,1
1772,0.8775263653524659,0.6028643428297727,0
1773,-1.296893278981589,0.22943631093334022,0
1774,2.672356385401338,0.0671370318134385,1
1775,0.19087905609133726,0.4078077815800444,0
1776,0.9874264405068363,-0.09864144282082979,0
1777,1.044952859563647,2.219128659867445,0
1778,-0.5267319017213938,-0.5313025212441123,0
1779,2.673591011272683,0.13420029219683768,1
1780,-1.7110550580242003,0.9345882775287679,0
1781,-0.622112522760868,1.762895014245738,0
1782,2.3249083768026932,-1.7833010926267459,0
1783,2.665174237779546,0.2015418136216669,1
1784,2.659664045375127,0.26895499205643186,1
1785,-0.5349228350891526,2.464747182304646,0
1786,-2.6400739413139025,-0.47051826061287666,0
1787,2.6649120442754612,0.335371371194949,1
1788,0.3955527234753467,-0.7895761323199153,0
1789,2.6518145072452177,0.4030508291117525,1
1790,2.6424445989902945,0.47019279174614026,1
1791,-2.645702887498498,0.20089536753033255,0
1792,0.860537045173483,-0.41341596081305804,0
1793,2.6268030019435087,0.5379693707248562,1
1794,2.6262907775774287,0.6026509678135384,1
1795,-0.5312113712979605,1.7869575677566627,0
1796,0.2826992796612098,0.3119520589846054,0
1797,-0.4537231702994091,-1.3936581759904705,0
1798,-1.8737482427669871,-0.8016298690898318,0
1799,2.6092255383630896,0.6696954004957194,1
1800,2.5965105487304667,0.7351814512174808,1
1801,2.5839651372104995,0.7997089153471301,1
1802,2.554794646614934,0.8680499632687206,1
1803,2.5462553069366844,0.9293547418794823,1
1804,2.5156727243017096,0.9967144362266206,1
1805,-0.027079678605448326,-2.167272335672544,0
1806,2.496904125613798,1.0589604824495222,1
1807,-1.6569583103449608,-2.2122009141187706,0
1808,2.473061612070677,1.1218016980592378,1
1809,2.441087629269642,1.186841942582457,1
1810,2.422466899857674,1.244562356718661,1
1811,2.382485015096927,1.3109045954841314,1
1812,0.308967859885919,0.27215055516057973,0
1813,1.004701610132845,0.05054734323581632,0
1814,2.3537759558042213,1.3703468240407735,1
1815,0.9828079841477799,1.4749572650177478,0
1816,2.0535154767341304,-1.0000040037993874,0
1817,2.314443950097631,1.4339859776111399,1
1818,2.288749684623979,1.488186564011893,1
1819,2.258207175222991,1.5430630126466685,1
1820,2.2149952003805833,1.6041502241972385,1
1821,2.1761427982055994,1.6606253273176448,1
1822,2.132155689966973,1.7188833819321008,1
1823,2.0850470963869787,1.7777656660099272,1
1824,0.3512382205727771,0.12750750383759213,0
1825,2.0481656879531895,1.8264605574339714,1
1826,0.09993796366002498,0.46921323529288966,0
1827,-0.1891432136756628,-2.151754376253699,0
1828,2.003682271239354,1.8789641494100293,1
1829,0.3443386794159503,0.17578361403383602,0
1830,-0.6131000620715381,-0.3827208795013737,0
1831,-2.0193790276429815,1.6290626343511234,0
1832,-0.8401909220496047,0.919518660190978,0
1833,0.3001424834473257,-2.1652453578530633,0
1834,1.9597485690957925,1.9286198616930486,1
1835,1.906621942248327,1.984513110086877,1
1836,-0.8159137302801085,0.937287841345989,0
1837,0.15192708858299503,0.44150096451316057,0
1838,1.49130561398389,0.8660380983296,0
1839,-0.09401929691822668,-1.4885130154456736,0
1840,1.8628939592328737,2.028997195805321,1
1841,-0.10331654945921756,1.173210513093147,0
1842,1.8128525815329941,2.0771421485172796,1
1843,1.7566078748698688,2.12961641719024,1
1844,1.710449819172356,2.1681230822123996,1
1845,2.7858499502615435,-1.019145275036686,0
1846,-0.41606119834602306,-0.650949759738451,0
1847,-1.484403049713694,-1.4611462320285162,0
1848,1.648926163711896,2.222149111683396,1
1849,2.9357505066519907,-0.5217084562350479,0
1850,1.5950735608580797,2.264385061904758,1
1851,0.12465088757469905,0.45274989072742144,0
1852,1.5452264638439042,2.298129122441724,1
1853,1.481342709794633,2.3483943352531824,1
1854,1.4251570268642983,2.3849758275754964,1
1855,1.3678779840242146,2.419969214271709,1
1856,1.3111348076451914,2.4506037810155927,1
1857,1.2513749995083292,2.4828642945340023,1
1858,-1.8272506899966725,0.7192756769115353,0
1859,1.186266351981874,2.521912089750427,1
1860,-2.0513787123722262,-1.8238076444689781,0
1861,-0.6187472987662325,0.17130813919570473,0
1862,1.1233863284136476,2.5538461406653714,1
1863,1.0596771475500828,2.5842774036456855,1
1864,0.3378893617987454,0.009019120138451433,0
1865,-1.3136209893323625,-2.446343163790816,0
1866,0.9954556623097668,2.612540076318375,1
1867,-0.420451794590075,-1.4039834495646093,0
1868,0.3545814454824187,-2.160281887397164,0
1869,2.2981728737800395,0.5285182012680869,0
1870,0.9329579378700872,2.6329349350964155,1
1871,2.2115427408028707,0.872000462675409,0
1872,0.8653786334174166,2.662601490598956,1
1873,0.7965681191743164,2.69304150861315,1
1874,-0.6295814888188819,0.12992788064818592,0
1875,1.6840851308497908,1.7361290614224782,0
1876,0.7314331523785428,2.70922700326601,1
1877,0.665744722344081,2.7225084406148636,1
1878,0.5947283979329464,2.7512646437060284,1
1879,0.529245187026504,2.754467067519376,1
1880,1.6717812234225053,0.00032560279576549476,0
1881,0.45622652054187246,2.787143258947018,1
1882,-1.4080756501837817,-1.5419194061336376,0
1883,-2.2055852521999917,-1.6104441649139176,0
1884,-0.6763066255749854,-0.0343144482374179,0
1885,-1.1198327505483565,-2.561151973321266,0
1886,0.3880871356832428,2.7934563448865735,1
1887,2.2313892473922787,0.8151418447833274,0
1888,0.31885245638047466,2.800364944760095,1
1889,0.24736469739197076,2.8188434656155907,1
1890,0.24978552564020587,1.8053834065572074,0
1891,0.17779862108948524,2.8180026244201217,1
1892,0.10690106744822306,2.823831765067225,1
1893,0.03596098214731869,2.82430568815927,1
1894,-0.035510926369970996,2.830032402416337,1
1895,-0.10693755356049507,2.8417267542130746,1
1896,-0.17821815244256262,2.838589884956884,1
1897,-0.2499154787738562,2.828050349834228,1
1898,0.3339801944199549,-0.8026005700458849,0
1899,-1.4288391174576922,-2.3793380299638622,0
1900,-0.3212411073154681,2.8254827007448156,1
1901,-0.39217728954343284,2.8232958187352515,1
1902,1.6766249782140654,0.08409681387266446,0
1903,-0.865572647394767,-2.6620733265281125,0
1904,-0.6204580329209831,0.14652979388199283,0
1905,-0.4626902113473136,2.8200777989852215,1
1906,-2.632633628309772,0.33251363253299865,0
1907,1.7988191300337983,-1.3753219108382135,0
1908,-1.8212332821275485,-0.9424625768000547,0
1909,-2.47332480642723,-1.1216940785802503,0
1910,-0.5348287732663732,2.801695051982335,1
1911,-0.5484228777182233,0.2820934916821164,0
1912,-0.3492729635597166,-2.122052995987172,0
1913,-0.6746494643883469,-0.20639014199151334,0
1914,-0.6055767694102696,2.7906041785009044,1
1915,-0.6752911649902429,2.781389639596818,1
1916,-0.7458282831348765,2.764558607462541,1
1917,-0.3770956203743575,0.4363048306966774,0
1918,-1.3370188886978602,-0.10103657232730412,0
1919,-0.818414092742076,2.736976590063164,1
1920,-1.8410643792804606,-0.8956017137228831,0
1921,-0.8857456821871246,2.7267241934175352,1
1922,-1.9587020860711033,0.29862395776548767,0
1923,0.9404315223447798,-2.0074261051693503,0
1924,-0.7991928162120604,-2.685299665255845,0
1925,-0.3475063395565734,-1.4367299440416648,0
1926,-0.954103975758747,2.7085315446100275,1
1927,1.058295884034847,1.4117215866869908,0
1928,0.45458699654492296,-0.7718092495146949,0
1929,-1.0219608025766034,2.688261611200495,1
1930,-1.9988790771967122,-0.20187221979461017,0
1931,0.47489215249918165,-0.7621459165455101,0
1932,-1.091230474786402,2.6606683973465244,1
1933,-1.1597885164203907,2.6322133233877647,1
1934,-1.2273166225129146,2.603386821555397,1
1935,-1.2057729993189368,-0.6970353023283306,0
1936,0.6217218192840975,-1.4141465883905302,0
1937,-1.293524079283752,2.5744892882780284,1
1938,-1.354975761218807,2.5521947897855872,1
1939,-1.4263988728272352,2.5065314270161685,1
1940,-1.4875858411002263,2.477893479558899,1
1941,-1.5527227301481423,2.4388197781255037,1
1942,-1.611668749205582,2.4070917946856714,1
1943,-1.1206179622382078,0.6173437416640365,0
1944,1.0027336179188218,-0.024309367320256885,0
1945,-1.6734396368482294,2.367443899486506,1
1946,-1.1868626842006156,-2.52076068949557,0
1947,-1.7371502877132285,2.322095874834619,1
1948,-1.795941261809649,2.2810792001022393,1
1949,-1.8465990083563144,2.2476764179366127,1
1950,-1.9065170116605628,2.1989578841072612,1
1951,-1.9693348431424973,2.1443877298477716,1
1952,0.7685090640247786,-1.3476683827264586,0
1953,-2.0239903666554198,2.0969783795141117,1
1954,0.8850182592780176,-2.7292811692324697,0
1955,1.6323287209133859,-0.24788628528409465,0
1956,-2.0783407038222017,2.0471518137821674,1
1957,-0.6758180097096907,-0.06808291192386293,0
1958,-1.4819681978723016,-2.3474873330883663,0
1959,-2.131963897486397,1.9954687677966139,1
1960,-2.1829161314156678,1.9438622558514596,1
1961,-2.2302278727903335,1.8930101547587803,1
1962,-2.2771072588746417,1.8398160785907072,1
1963,-2.3268858506443797,1.7816702086714034,1
1964,-2.3702081324346898,1.726448209034474,1
1965,-2.4237599900454527,1.6611387419611179,1
1966,-0.34639193895446196,2.491767030905626,0
1967,1.5480397382329256,-2.4468338191390835,0
1968,-2.4538133382068343,1.6108903127131593,1
1969,-2.5042690149060967,1.5439048857064173,1
1970,-2.5409379959854954,1.4842173839525208,1
1971,-2.573022128754295,1.4250423669150092,1
1972,-2.6170195591163736,1.356802509332307,1
1973,-2.6585124980557797,1.2885233409261876,1
1974,-0.40975413337334565,2.481008923316474,0
1975,-2.6805049191992274,1.2286138414801209,1
1976,-2.720275187614379,1.1579643009670924,1
1977,1.8515273065246722,-2.241255924347578,0
1978,0.6317294061898358,-0.662428707601349,0
1979,0.7060248189405177,2.3604778709089955,0
1980,-2.7517360410648406,1.0898249042838708,1
1981,-1.3157638663828306,2.192668579781205,0
1982,-2.784586233985067,1.0196612732643122,1
1983,-2.814784332219122,0.9493071047171391,1
1984,-2.8428842881748406,0.8785167270374147,1
1985,-2.856921975992198,0.8111530702016053,1
1986,1.5537639044160363,0.7447383297042446,0
1987,-2.8844040868585465,0.7381146497085218,1
1988,-2.899786848952856,0.6675383517632967,1
1989,-2.919444484910238,0.5946806353657612,1
1990,-2.926289247861614,0.523739926925526,1
1991,0.338898123076793,0.13825848348345118,0
1992,-2.9489490054303213,0.4484970892306939,1
1993,-2.967170121416881,0.37366943780827994,1
1994,-2.9634369846223505,0.3014930986937536,1
1995,-2.1727910426237442,-1.662991409529003,0
1996,-2.980072894363246,0.22575918209342294,1
1997,-2.9856501871140955,0.15091454940292648,1
1998,-0.7997775514929639,-1.1946583868459277,0
1999,-2.99914987901543,0.07515585108167666,1
